[{"StartTime": 12.65, "EndTime": 16.15, "Value": " Two years ago, I set off from central London on the Tube ", "trans": "两年前，我乘地铁从伦敦市中心出发"}, {"StartTime": 16.15, "EndTime": 18.45, "Value": " and ended up somewhere in the east of the city ", "trans": "最后在城东的某个地方"}, {"StartTime": 18.45, "EndTime": 20.45, "Value": " walking into a self-storage unit ", "trans": "走进一个自动存储单元"}, {"StartTime": 20.45, "EndTime": 25.05, "Value": " to meet a guy that had 2,000 luxury polo shirts for sale. ", "trans": "去见一个有2000件豪华马球衫要卖的家伙。"}, {"StartTime": 25.05, "EndTime": 26.95, "Value": " And as I made my way down the corridor, ", "trans": "当我沿着走廊走下去的时候，"}, {"StartTime": 26.95, "EndTime": 29.95, "Value": " a broken, blinking light made it just like the cliche scene ", "trans": "一个破碎的，闪烁的灯光让它看起来就像是一个陈词滥调的场景"}, {"StartTime": 29.95, "EndTime": 32.25, "Value": " from a gangster movie. ", "trans": "从一部黑帮电影里。"}, {"StartTime": 32.25, "EndTime": 34.45, "Value": " Our man was early, and he was waiting for me ", "trans": "我们的人很早就在等我"}, {"StartTime": 34.45, "EndTime": 37.85, "Value": " in front of a unit secured with four padlocks down the side. ", "trans": "在一个用四个挂锁固定的单元前面。"}, {"StartTime": 37.85, "EndTime": 39.45, "Value": " On our opening exchange, ", "trans": "在我们的开盘交易中，"}, {"StartTime": 39.45, "EndTime": 41.15, "Value": " it was like a verbal sparring match ", "trans": "就像是一场口角比赛"}, {"StartTime": 41.15, "EndTime": 43.25, "Value": " where he threw the first punches. ", "trans": "他第一次出击的地方。"}, {"StartTime": 43.25, "EndTime": 45.75, "Value": " Who was I? Did I have a business card? ", "trans": "我是谁？我有名片吗？"}, {"StartTime": 45.75, "EndTime": 47.75, "Value": " And where was I going to sell? ", "trans": "我要去哪里卖呢？"}, {"StartTime": 47.75, "EndTime": 50.45, "Value": " And then, he just started opening up, ", "trans": "然后，他开始敞开心扉，"}, {"StartTime": 50.45, "EndTime": 52.25, "Value": " and it was my turn. ", "trans": "轮到我了。"}, {"StartTime": 52.25, "EndTime": 54.25, "Value": " Where were the polo shirts coming from? ", "trans": "马球衫是从哪里来的？"}, {"StartTime": 54.25, "EndTime": 56.35, "Value": " What paperwork did he have? ", "trans": "他有什么文件？"}, {"StartTime": 56.35, "EndTime": 58.85, "Value": " And when was his next shipment going to arrive? ", "trans": "他的下一批货什么时候到？"}, {"StartTime": 58.85, "EndTime": 60.25, "Value": " I was treading the fine line ", "trans": "我是在冒险"}, {"StartTime": 60.25, "EndTime": 63.05, "Value": " between asking enough questions to get what I needed ", "trans": "问足够多的问题来得到我需要的东西"}, {"StartTime": 63.05, "EndTime": 65.55, "Value": " and not enough for him to become suspicious, ", "trans": "也不足以让他产生怀疑，"}, {"StartTime": 65.55, "EndTime": 70.15, "Value": " because what he didn't know is that I'm a counterfeit investigator, ", "trans": "因为他不知道我是个冒牌调查员，"}, {"StartTime": 70.15, "EndTime": 71.55, "Value": " (Laughter) ", "trans": "（笑声）"}, {"StartTime": 71.55, "EndTime": 74.35, "Value": " and after 20 minutes or so of checking over the product ", "trans": "在检查了20分钟左右的产品后"}, {"StartTime": 74.35, "EndTime": 77.85, "Value": " for the telltale signs of counterfeit production -- ", "trans": "找出假冒产品的蛛丝马迹--"}, {"StartTime": 77.85, "EndTime": 80.25, "Value": " say, badly stitched labels or how the packaging ", "trans": "比如说，标签缝得不好或者包装怎么样"}, {"StartTime": 80.25, "EndTime": 83.05, "Value": " had a huge brand logo stamped all over the front of it -- ", "trans": "前面印着一个巨大的品牌标志--"}, {"StartTime": 83.05, "EndTime": 84.95, "Value": " I was finally on my way out, ", "trans": "我终于要出去了，"}, {"StartTime": 84.95, "EndTime": 88.05, "Value": " but not before he insisted on walking down to the street with me ", "trans": "但在他坚持要和我一起走到街上之前"}, {"StartTime": 88.05, "EndTime": 91.05, "Value": " and back to the station. ", "trans": "回到车站。"}, {"StartTime": 91.05, "EndTime": 93.75, "Value": " And the feeling after these meetings is always the same: ", "trans": "这些会议之后的感觉总是一样的："}, {"StartTime": 93.75, "EndTime": 95.85, "Value": " my heart is beating like a drum, ", "trans": "我的心像鼓一样跳动，"}, {"StartTime": 95.85, "EndTime": 98.75, "Value": " because you never know if they've actually bought your story, ", "trans": "因为你永远不知道他们是否真的相信你的故事，"}, {"StartTime": 98.75, "EndTime": 101.95, "Value": " or they're going to start following you to see who you really are. ", "trans": "或者他们会跟着你看你到底是谁。"}, {"StartTime": 101.95, "EndTime": 104.25, "Value": " Relief only comes when you turn the first corner ", "trans": "只有当你拐过第一个弯时，才会有解脱"}, {"StartTime": 104.25, "EndTime": 107.95, "Value": " and glance behind, and they're not standing there. ", "trans": "回头看一眼，他们没有站在那里。"}, {"StartTime": 107.95, "EndTime": 111.15, "Value": " But what our counterfeit polo shirt seller certainly didn't realize ", "trans": "但是我们的假冒马球衫销售商肯定没有意识到"}, {"StartTime": 111.15, "EndTime": 114.95, "Value": " is that everything I'd seen and heard would result in a dawn raid on his house, ", "trans": "我的所见所闻都会在黎明时分袭击他的房子，"}, {"StartTime": 114.95, "EndTime": 117.75, "Value": " him being woken out of bed by eight men on his doorstep ", "trans": "他被家门口的八个人从床上叫醒"}, {"StartTime": 117.75, "EndTime": 120.35, "Value": " and all his product seized. ", "trans": "他所有的产品都被没收了。"}, {"StartTime": 120.35, "EndTime": 123.85, "Value": " But this would reveal that he was just a pawn ", "trans": "但这会暴露出他只是一个棋子"}, {"StartTime": 123.85, "EndTime": 127.35, "Value": " at the end of a counterfeiting network spanning three continents, ", "trans": "在一个横跨三大洲的制假网络的尽头，"}, {"StartTime": 127.35, "EndTime": 130.55, "Value": " and he was just the first loose thread that I'd started to pull on ", "trans": "他只是我第一个开始拉扯的人"}, {"StartTime": 130.55, "EndTime": 133.55, "Value": " in the hope that it would all unravel. ", "trans": "希望这一切都会被解开。"}, {"StartTime": 133.55, "EndTime": 136.15, "Value": " Why go through all that trouble? ", "trans": "为什么要经历那么多麻烦？"}, {"StartTime": 136.15, "EndTime": 139.15, "Value": " Well, maybe counterfeiting is a victimless crime? ", "trans": "嗯，也许造假是一种没有受害者的犯罪？"}, {"StartTime": 139.15, "EndTime": 141.35, "Value": " These big companies, they make enough money, ", "trans": "这些大公司赚够了钱，"}, {"StartTime": 141.35, "EndTime": 142.65, "Value": " so if anything, ", "trans": "如果有的话，"}, {"StartTime": 142.65, "EndTime": 145.95, "Value": " counterfeiting is just a free form of advertising, right? ", "trans": "造假只是一种免费的广告形式，对吧？"}, {"StartTime": 145.95, "EndTime": 148.35, "Value": " And consumers believe just that -- ", "trans": "而消费者相信这一点--"}, {"StartTime": 148.35, "EndTime": 151.95, "Value": " that the buying and selling of fakes is not that big a deal. ", "trans": "假货买卖没什么大不了的。"}, {"StartTime": 151.95, "EndTime": 156.65, "Value": " But I'm here to tell you that that is just not true. ", "trans": "但我在这里告诉你那不是真的。"}, {"StartTime": 156.65, "EndTime": 160.65, "Value": " What the tourist on holiday doesn't see about those fake handbags ", "trans": "度假的游客对那些假手袋看不到什么"}, {"StartTime": 160.65, "EndTime": 163.05, "Value": " is they may well have been stitched together ", "trans": "很可能是缝在一起的"}, {"StartTime": 163.05, "EndTime": 166.55, "Value": " by a child who was trafficked away from her family, ", "trans": "被一个从家里拐卖出去的孩子，"}, {"StartTime": 166.55, "EndTime": 169.05, "Value": " and what the car repair shop owner doesn't realize ", "trans": "而汽车修理厂的老板却没有意识到"}, {"StartTime": 169.05, "EndTime": 171.25, "Value": " about those fake brake pads ", "trans": "关于那些假刹车片"}, {"StartTime": 171.25, "EndTime": 174.65, "Value": " is they may well be lining the pockets of an organized crime gang ", "trans": "他们很可能是在帮一个有组织犯罪团伙掏腰包"}, {"StartTime": 174.65, "EndTime": 177.75, "Value": " involved in drugs and prostitution. ", "trans": "参与毒品和卖淫。"}, {"StartTime": 177.75, "EndTime": 180.65, "Value": " And while those two things are horrible to think about, ", "trans": "虽然这两件事想起来很可怕，"}, {"StartTime": 180.65, "EndTime": 183.05, "Value": " it gets much worse, ", "trans": "情况变得更糟了，"}, {"StartTime": 183.05, "EndTime": 186.85, "Value": " because counterfeiting is even funding terrorism. ", "trans": "因为造假甚至是资助恐怖主义。"}, {"StartTime": 186.85, "EndTime": 189.35, "Value": " Let that sink in for a moment. ", "trans": "让这一点慢慢来。"}, {"StartTime": 189.35, "EndTime": 192.25, "Value": " Terrorists are selling fakes to fund attacks, ", "trans": "恐怖分子出售假货资助袭击，"}, {"StartTime": 192.25, "EndTime": 197.25, "Value": " attacks in our cities that try to make victims of all of us. ", "trans": "在我们的城市里的袭击试图让我们所有人成为受害者。"}, {"StartTime": 197.25, "EndTime": 199.55, "Value": " You wouldn't buy a live scorpion, ", "trans": "你不会买活蝎子的，"}, {"StartTime": 199.55, "EndTime": 202.55, "Value": " because there's a chance that it would sting you on the way home, ", "trans": "因为有可能在回家的路上刺痛你，"}, {"StartTime": 202.55, "EndTime": 204.65, "Value": " but would you still buy a fake handbag ", "trans": "但你还会买个假手袋吗"}, {"StartTime": 204.65, "EndTime": 208.15, "Value": " if you knew the profits would enable someone to buy bullets ", "trans": "如果你知道利润可以让人买子弹"}, {"StartTime": 208.15, "EndTime": 212.45, "Value": " that would kill you and other innocent people six months later? ", "trans": "会在六个月后杀死你和其他无辜的人？"}, {"StartTime": 212.45, "EndTime": 214.35, "Value": " Maybe not. ", "trans": "也许不是。"}, {"StartTime": 214.35, "EndTime": 216.45, "Value": " OK, time to come clean. ", "trans": "好吧，是时候坦白了。"}, {"StartTime": 216.45, "EndTime": 217.65, "Value": " In my youth -- ", "trans": "在我年轻的时候--"}, {"StartTime": 217.65, "EndTime": 220.55, "Value": " yeah, I might look like I'm still clinging on to it a bit -- ", "trans": "是啊，我看起来还是有点执着--"}, {"StartTime": 220.55, "EndTime": 224.25, "Value": " I bought fake watches while on holiday in the Canary Islands. ", "trans": "我在加那利群岛度假时买了假手表。"}, {"StartTime": 224.25, "EndTime": 226.05, "Value": " But why do I tell you this? ", "trans": "但我为什么要告诉你这个？"}, {"StartTime": 226.05, "EndTime": 228.55, "Value": " Well, we've all done it, ", "trans": "我们都做到了，"}, {"StartTime": 228.55, "EndTime": 230.25, "Value": " or we know someone that's done it. ", "trans": "或者我们知道有人干了。"}, {"StartTime": 230.25, "EndTime": 233.85, "Value": " And until this very moment, maybe you didn't think twice about it, ", "trans": "在这之前，也许你没有三思而后行，"}, {"StartTime": 233.85, "EndTime": 235.25, "Value": " and nor did I, ", "trans": "我也没有，"}, {"StartTime": 235.25, "EndTime": 237.95, "Value": " until I answered a 20-word cryptic advert ", "trans": "直到我回答了一个20字的神秘广告"}, {"StartTime": 237.95, "EndTime": 241.95, "Value": " to become an intellectual property investigator. ", "trans": "成为一名知识产权调查员。"}, {"StartTime": 241.95, "EndTime": 244.95, "Value": " It said \" Full training given and some international travel.\" ", "trans": "上面写着“提供全面培训和一些国际旅行”"}, {"StartTime": 244.95, "EndTime": 248.75, "Value": " Within a week, I was creating my first of many aliases, ", "trans": "一周之内，我创造了我的第一个别名，"}, {"StartTime": 248.75, "EndTime": 251.85, "Value": " and in the 10 years since, I've investigated fake car parts, ", "trans": "从那以后的10年里，我调查过假汽车零件，"}, {"StartTime": 251.85, "EndTime": 255.05, "Value": " alloy wheels, fake tech grooming tools, ", "trans": "合金车轮，假技术美容工具，"}, {"StartTime": 255.05, "EndTime": 256.85, "Value": " fake bicycle parts, ", "trans": "假自行车零件，"}, {"StartTime": 256.85, "EndTime": 258.95, "Value": " and, of course, the counterfeiter's favorite, ", "trans": "当然，造假者最喜欢的，"}, {"StartTime": 258.95, "EndTime": 262.85, "Value": " fake luxury leather goods, clothing and shoes. ", "trans": "假冒奢侈品皮具、服装和鞋子。"}, {"StartTime": 262.85, "EndTime": 265.75, "Value": " And what I've learned in the 10 years of investigating fakes ", "trans": "我在调查假货的10年里学到了什么"}, {"StartTime": 265.75, "EndTime": 268.25, "Value": " is that once you start to scratch the surface, ", "trans": "一旦你开始触及表面，"}, {"StartTime": 268.25, "EndTime": 270.35, "Value": " you find that they are rotten to the core, ", "trans": "你发现它们已经腐烂至极，"}, {"StartTime": 270.35, "EndTime": 275.15, "Value": " as are the people and organizations that are making money from them, ", "trans": "从他们身上赚钱的人和组织也一样，"}, {"StartTime": 275.15, "EndTime": 279.35, "Value": " because they are profiting on a massive, massive scale. ", "trans": "因为他们正在大规模地获利。"}, {"StartTime": 279.35, "EndTime": 281.75, "Value": " You can only make around a hundred to 200 percent ", "trans": "你只能赚100%到200%"}, {"StartTime": 281.75, "EndTime": 283.65, "Value": " selling drugs on the street. ", "trans": "在街上卖毒品。"}, {"StartTime": 283.65, "EndTime": 287.45, "Value": " You can make 2,000 percent selling fakes online ", "trans": "你可以在网上卖假货赚2000%"}, {"StartTime": 287.45, "EndTime": 290.65, "Value": " with little of the same risks or penalties. ", "trans": "几乎没有相同的风险或惩罚。"}, {"StartTime": 290.65, "EndTime": 291.95, "Value": " And this quick, easy money ", "trans": "快，快，这钱"}, {"StartTime": 291.95, "EndTime": 294.65, "Value": " then goes on to fund the more serious types of crime, ", "trans": "然后继续资助更严重的犯罪，"}, {"StartTime": 294.65, "EndTime": 297.25, "Value": " and it pays the way to making these organizations, ", "trans": "它为建立这些组织付出了代价，"}, {"StartTime": 297.25, "EndTime": 300.65, "Value": " these criminal organizations, look more legitimate. ", "trans": "这些犯罪组织看起来更合法。"}, {"StartTime": 300.65, "EndTime": 303.45, "Value": " So let me bring you in on a live case. ", "trans": "所以让我带你去看一个活生生的案子。"}, {"StartTime": 303.45, "EndTime": 305.65, "Value": " Earlier this year, a series of raids took place ", "trans": "今年早些时候，发生了一系列突袭行动"}, {"StartTime": 305.65, "EndTime": 308.25, "Value": " in one of my longest-running investigations. ", "trans": "在我最长时间的调查中。"}, {"StartTime": 308.25, "EndTime": 311.35, "Value": " Five warehouses were raided in Turkey, ", "trans": "土耳其五个仓库被突袭，"}, {"StartTime": 311.35, "EndTime": 315.25, "Value": " and over two million finished counterfeit clothing products were seized, ", "trans": "查获假冒服装制成品200多万件，"}, {"StartTime": 315.25, "EndTime": 319.15, "Value": " and it took 16 trucks to take that all away. ", "trans": "花了16辆卡车才把这些都带走。"}, {"StartTime": 319.15, "EndTime": 320.55, "Value": " But this gang had been clever. ", "trans": "但这帮人很聪明。"}, {"StartTime": 320.55, "EndTime": 323.95, "Value": " They had gone to the lengths of creating their own fashion brands, ", "trans": "他们不遗余力地打造自己的时尚品牌，"}, {"StartTime": 323.95, "EndTime": 325.95, "Value": " complete with registered trademarks, ", "trans": "注册商标齐全，"}, {"StartTime": 325.95, "EndTime": 330.95, "Value": " and even having photo shoots on yachts in Italy. ", "trans": "甚至在意大利的游艇上拍照。"}, {"StartTime": 330.95, "EndTime": 334.65, "Value": " And they would use these completely unheard-of and unsuspicious brand names ", "trans": "他们会使用这些完全闻所未闻、毫无疑问的品牌名称"}, {"StartTime": 334.65, "EndTime": 337.25, "Value": " as a way of shipping container loads of fakes ", "trans": "作为一种运送假冒货物的集装箱的方式"}, {"StartTime": 337.25, "EndTime": 340.75, "Value": " to shell companies that they'd set up across Europe. ", "trans": "他们在欧洲各地建立的空壳公司。"}, {"StartTime": 340.75, "EndTime": 342.65, "Value": " And documents found during those raids ", "trans": "以及在突袭中发现的文件"}, {"StartTime": 342.65, "EndTime": 346.05, "Value": " found that they'd been falsifying shipping documents ", "trans": "发现他们伪造了运输单据"}, {"StartTime": 346.05, "EndTime": 348.85, "Value": " so the customs officials would literally have no idea ", "trans": "所以海关官员根本不知道"}, {"StartTime": 348.85, "EndTime": 351.75, "Value": " who had sent the products in the first place. ", "trans": "是谁先把产品送来的。"}, {"StartTime": 351.75, "EndTime": 354.15, "Value": " When police got access to just one bank account, ", "trans": "当警察只查到一个银行账户时，"}, {"StartTime": 354.15, "EndTime": 355.95, "Value": " they found nearly three million euros ", "trans": "他们找到了将近300万欧元"}, {"StartTime": 355.95, "EndTime": 359.45, "Value": " had been laundered out of Spain in less than two years, ", "trans": "不到两年就被洗劫出西班牙，"}, {"StartTime": 359.45, "EndTime": 361.55, "Value": " and just two days after those raids, ", "trans": "就在那次突袭两天后，"}, {"StartTime": 361.55, "EndTime": 366.65, "Value": " that gang were trying to bribe a law firm to get their stock back. ", "trans": "那帮人企图贿赂一家律师事务所要回他们的股票。"}, {"StartTime": 366.65, "EndTime": 369.65, "Value": " Even now, we have no idea where all that money went, ", "trans": "即使现在，我们也不知道这些钱去了哪里，"}, {"StartTime": 369.65, "EndTime": 370.85, "Value": " to who it went to, ", "trans": "给了谁，"}, {"StartTime": 370.85, "EndTime": 375.75, "Value": " but you can bet it's never going to benefit the likes of you or me. ", "trans": "但你可以打赌，这对你我这样的人是不会有好处的。"}, {"StartTime": 375.75, "EndTime": 378.55, "Value": " But these aren't just low-level street thugs. ", "trans": "但他们不仅仅是低级的街头暴徒。"}, {"StartTime": 378.55, "EndTime": 381.75, "Value": " They're business professionals, and they fly first class. ", "trans": "他们是商务人士，坐头等舱。"}, {"StartTime": 381.75, "EndTime": 383.65, "Value": " They trick legitimate businesses ", "trans": "他们欺骗合法企业"}, {"StartTime": 383.65, "EndTime": 386.65, "Value": " with convincing fake invoices and paperwork, ", "trans": "有令人信服的假发票和文书，"}, {"StartTime": 386.65, "EndTime": 388.25, "Value": " so everything just seems real, ", "trans": "所以一切都是真实的，"}, {"StartTime": 388.25, "EndTime": 390.95, "Value": " and then they set up eBay and Amazon accounts ", "trans": "然后他们建立了eBay和Amazon账户"}, {"StartTime": 390.95, "EndTime": 395.65, "Value": " just to compete with the people they've already sold fakes to. ", "trans": "只是为了和那些已经卖给他们假货的人竞争。"}, {"StartTime": 395.65, "EndTime": 397.95, "Value": " But this isn't just happening online. ", "trans": "但这不仅仅发生在网上。"}, {"StartTime": 397.95, "EndTime": 402.45, "Value": " For a few years, I also used to attend automotive trade shows ", "trans": "几年来，我还经常参加汽车贸易展"}, {"StartTime": 402.45, "EndTime": 405.15, "Value": " taking place in huge exhibition spaces, ", "trans": "在巨大的展览空间里举行，"}, {"StartTime": 405.15, "EndTime": 408.35, "Value": " but away from the Ferraris and the Bentleys and the flashing lights, ", "trans": "但是远离法拉利、宾利和闪光灯，"}, {"StartTime": 408.35, "EndTime": 410.35, "Value": " there'd be companies selling fakes: ", "trans": "有些公司卖假货："}, {"StartTime": 410.35, "EndTime": 413.05, "Value": " companies with a brochure on the counter ", "trans": "柜台上有小册子的公司"}, {"StartTime": 413.05, "EndTime": 416.35, "Value": " and another one underneath, if you ask them the right questions. ", "trans": "下面还有一个，如果你问对了问题。"}, {"StartTime": 416.35, "EndTime": 419.15, "Value": " And they would sell me fake car parts, faulty fake car parts ", "trans": "他们会卖给我假的汽车零件，有缺陷的假汽车零件"}, {"StartTime": 419.15, "EndTime": 423.75, "Value": " that have been estimated to cause over 36,000 fatalities, ", "trans": "据估计造成36000多人死亡，"}, {"StartTime": 423.75, "EndTime": 427.05, "Value": " deaths on our roads each year. ", "trans": "每年都有人在路上死亡。"}, {"StartTime": 427.05, "EndTime": 432.95, "Value": " Counterfeiting is set to become a 2.3-trillion-dollar underground economy, ", "trans": "造假将成为2.3万亿美元的地下经济，"}, {"StartTime": 432.95, "EndTime": 435.95, "Value": " and the damage that can be done with that kind of money, ", "trans": "以及用这些钱可能造成的损失，"}, {"StartTime": 435.95, "EndTime": 438.45, "Value": " it's really frightening . . . ", "trans": "真的很可怕。"}, {"StartTime": 438.45, "EndTime": 441.75, "Value": " because fakes fund terror. ", "trans": "因为赝品资助恐怖活动。"}, {"StartTime": 441.75, "EndTime": 444.15, "Value": " Fake trainers on the streets of Paris, ", "trans": "巴黎街头的假运动鞋，"}, {"StartTime": 444.15, "EndTime": 446.65, "Value": " fake cigarettes in West Africa, ", "trans": "西非的假烟，"}, {"StartTime": 446.65, "EndTime": 448.95, "Value": " and pirate music CDs in the USA ", "trans": "还有美国的盗版音乐CD"}, {"StartTime": 448.95, "EndTime": 452.15, "Value": " have all gone on to fund trips to training camps, ", "trans": "都去资助训练营，"}, {"StartTime": 452.15, "EndTime": 456.25, "Value": " bought weapons and ammunition, or the ingredients for explosives. ", "trans": "购买武器和弹药，或炸药的成分。"}, {"StartTime": 456.25, "EndTime": 459.45, "Value": " In June 2014, the French security services ", "trans": "2014年6月，法国安全部门"}, {"StartTime": 459.45, "EndTime": 465.45, "Value": " stopped monitoring the communications of Said and Cherif Kouachi, ", "trans": "停止监视赛义德和谢里夫·库阿奇的通讯，"}, {"StartTime": 465.45, "EndTime": 469.35, "Value": " the two brothers who had been on a terror watch list for three years. ", "trans": "在恐怖分子监视名单上呆了三年的兄弟。"}, {"StartTime": 469.35, "EndTime": 472.65, "Value": " But that summer, they were only picking up that Cherif was buying ", "trans": "但那年夏天，他们只买了切里夫要买的东西"}, {"StartTime": 472.65, "EndTime": 474.65, "Value": " fake trainers from China, ", "trans": "来自中国的假教练，"}, {"StartTime": 474.65, "EndTime": 477.35, "Value": " so it signaled a shift away from extremism ", "trans": "因此，这标志着一个从极端主义转变的信号"}, {"StartTime": 477.35, "EndTime": 481.55, "Value": " into what was considered a low-level petty crime. ", "trans": "被认为是低级的轻罪。"}, {"StartTime": 481.55, "EndTime": 483.85, "Value": " The threat had gone away. ", "trans": "威胁已经消失了。"}, {"StartTime": 483.85, "EndTime": 485.05, "Value": " Seven months later, ", "trans": "七个月后，"}, {"StartTime": 485.05, "EndTime": 488.25, "Value": " the two brothers walked into the offices of Charlie Hebdo magazine ", "trans": "两兄弟走进《查理周刊》的办公室"}, {"StartTime": 488.25, "EndTime": 491.05, "Value": " and killed 12 people, wounded 11 more, ", "trans": "造成12人死亡，11人受伤，"}, {"StartTime": 491.05, "EndTime": 494.45, "Value": " with guns from the proceeds of those fakes. ", "trans": "从那些假货的收益中得到枪支。"}, {"StartTime": 494.45, "EndTime": 498.05, "Value": " So whatever you think, this isn't a faraway problem happening in China. ", "trans": "所以不管你怎么想，这在中国已经不是一个遥远的问题了。"}, {"StartTime": 498.05, "EndTime": 501.35, "Value": " It's happening right here. ", "trans": "就在这里。"}, {"StartTime": 501.35, "EndTime": 503.45, "Value": " And Paris is not unique. ", "trans": "巴黎并不是独一无二的。"}, {"StartTime": 503.45, "EndTime": 507.55, "Value": " Ten years earlier, in 2004, 191 people lost their lives ", "trans": "十年前，也就是2004年，191人丧生"}, {"StartTime": 507.55, "EndTime": 510.15, "Value": " when a Madrid commuter train was bombed. ", "trans": "当马德里的一列通勤列车被炸时。"}, {"StartTime": 510.15, "EndTime": 514.75, "Value": " The attack had been partly funded by the sale of pirate music CDs in the US. ", "trans": "这次袭击的部分资金来源是在美国出售盗版音乐CD。"}, {"StartTime": 514.75, "EndTime": 517.55, "Value": " Two years prior to that, an Al Qaeda training manual ", "trans": "两年前，一本基地组织的训练手册"}, {"StartTime": 517.55, "EndTime": 520.15, "Value": " recommended explicitly selling fakes ", "trans": "建议明确销售假货"}, {"StartTime": 520.15, "EndTime": 524.35, "Value": " as a good way of supporting terror cells. ", "trans": "作为支持恐怖组织的好方法。"}, {"StartTime": 524.35, "EndTime": 529.55, "Value": " But despite this, despite the evidence connecting terrorism and counterfeiting, ", "trans": "但尽管如此，尽管有证据表明恐怖主义和假冒伪劣有联系，"}, {"StartTime": 529.55, "EndTime": 532.35, "Value": " we do go on buying them, increasing the demand ", "trans": "我们继续购买，增加了需求"}, {"StartTime": 532.35, "EndTime": 534.75, "Value": " to the point where there's even a store in Turkey ", "trans": "甚至在土耳其也有一家商店"}, {"StartTime": 534.75, "EndTime": 538.55, "Value": " called \" I Love Genuine Fakes.\" ", "trans": "叫做“我喜欢真正的赝品”"}, {"StartTime": 538.55, "EndTime": 541.75, "Value": " And you have tourists posing with photographs on TripAdvisor, ", "trans": "还有游客在TripAdvisor上摆好照片，"}, {"StartTime": 541.75, "EndTime": 544.15, "Value": " giving it five-star reviews. ", "trans": "给它五星级的评价。"}, {"StartTime": 544.15, "EndTime": 546.55, "Value": " But would those same tourists have gone into a store ", "trans": "但这些游客会不会进了商店"}, {"StartTime": 546.55, "EndTime": 549.95, "Value": " called \" I Love Genuine Fake Viagra Pills\" ", "trans": "叫“我喜欢真的假伟哥丸”"}, {"StartTime": 549.95, "EndTime": 553.15, "Value": " or \" I Genuinely Love Funding Terrorism\" ? ", "trans": "或者“我真心喜欢资助恐怖主义”？"}, {"StartTime": 553.15, "EndTime": 555.35, "Value": " I doubt it. ", "trans": "我对此表示怀疑。"}, {"StartTime": 555.35, "EndTime": 558.35, "Value": " Many of us think that we're completely helpless ", "trans": "我们中的许多人认为我们完全无助"}, {"StartTime": 558.35, "EndTime": 560.45, "Value": " against organized crime and terrorism, ", "trans": "打击有组织犯罪和恐怖主义，"}, {"StartTime": 560.45, "EndTime": 563.35, "Value": " that we can do nothing about the next attack, ", "trans": "我们对下一次袭击无能为力，"}, {"StartTime": 563.35, "EndTime": 565.55, "Value": " but I believe you can. ", "trans": "但我相信你可以。"}, {"StartTime": 565.55, "EndTime": 569.65, "Value": " You can by becoming investigators, too. ", "trans": "你也可以成为调查员。"}, {"StartTime": 569.65, "EndTime": 572.65, "Value": " The way we cripple these networks is to cut their funding, ", "trans": "我们削弱这些网络的方法是削减他们的资金，"}, {"StartTime": 572.65, "EndTime": 574.25, "Value": " and that means cutting the demand ", "trans": "这意味着减少需求"}, {"StartTime": 574.25, "EndTime": 577.05, "Value": " and changing this idea that it's a victimless crime. ", "trans": "改变这种认为这是无受害人犯罪的观念。"}, {"StartTime": 577.05, "EndTime": 579.55, "Value": " Let's all identify counterfeiters, ", "trans": "让我们找出造假者，"}, {"StartTime": 579.55, "EndTime": 581.55, "Value": " and don't give them our money. ", "trans": "别把钱给他们。"}, {"StartTime": 581.55, "EndTime": 584.25, "Value": " So here's a few tips from one investigator to another ", "trans": "所以这里有一些从一个调查员到另一个调查员的建议"}, {"StartTime": 584.25, "EndTime": 586.45, "Value": " to get you started. ", "trans": "让你开始。"}, {"StartTime": 586.45, "EndTime": 587.75, "Value": " Number one: ", "trans": "第一条："}, {"StartTime": 587.75, "EndTime": 591.05, "Value": " here's a typical online counterfeiter's website. ", "trans": "这是一个典型的网上造假网站。"}, {"StartTime": 591.05, "EndTime": 592.75, "Value": " Note the URL. ", "trans": "记下URL。"}, {"StartTime": 592.75, "EndTime": 595.75, "Value": " If you're shopping for sunglasses or camera lenses, say, ", "trans": "如果你要买太阳镜或相机镜头，比如说，"}, {"StartTime": 595.75, "EndTime": 599.25, "Value": " and you come across a website like medical-insurance-bankruptcy. com, ", "trans": "你会看到一个像医疗保险破产这样的网站。通用域名格式，"}, {"StartTime": 599.25, "EndTime": 600.85, "Value": " start to get very suspicious. ", "trans": "开始变得非常怀疑。"}, {"StartTime": 600.85, "EndTime": 602.35, "Value": " (Laughter) ", "trans": "（笑声）"}, {"StartTime": 602.35, "EndTime": 604.65, "Value": " Counterfeiters register expired domain names ", "trans": "造假者注册过期域名"}, {"StartTime": 604.65, "EndTime": 609.25, "Value": " as a way of keeping up the old website's Google page ranking. ", "trans": "作为保持旧网站谷歌页面排名的一种方式。"}, {"StartTime": 609.25, "EndTime": 610.35, "Value": " Number two: ", "trans": "第二点："}, {"StartTime": 610.35, "EndTime": 613.95, "Value": " is the website screaming at you that everything is 100 percent genuine, ", "trans": "是不是网站对你大喊大叫说一切都是百分之百的真实，"}, {"StartTime": 613.95, "EndTime": 617.85, "Value": " but still giving you 75 percent off the latest collection? ", "trans": "但还是给你75%的折扣？"}, {"StartTime": 617.85, "EndTime": 620.25, "Value": " Look for words like \" master copy, \" ", "trans": "找“原稿”之类的词"}, {"StartTime": 620.25, "EndTime": 623.05, "Value": " \" overruns, \" \" straight from the factory.\" ", "trans": "“超支”，“直接从工厂出来。”"}, {"StartTime": 623.05, "EndTime": 626.15, "Value": " They could write this all in Comic Sans, it's that much of a joke. ", "trans": "他们可以把这些都写在漫画里，真是个笑话。"}, {"StartTime": 626.15, "EndTime": 627.75, "Value": " (Laughter) ", "trans": "（笑声）"}, {"StartTime": 627.75, "EndTime": 629.05, "Value": " Number three: ", "trans": "第三点："}, {"StartTime": 629.05, "EndTime": 630.95, "Value": " if you get as far as the checkout page, ", "trans": "如果你到了结账页面，"}, {"StartTime": 630.95, "EndTime": 636.25, "Value": " and you don't see \" https\" or a padlock symbol next to the URL, ", "trans": "你在URL旁边看不到“https”或挂锁符号，"}, {"StartTime": 636.25, "EndTime": 638.85, "Value": " you should really start thinking about closing the tab, ", "trans": "你应该开始考虑结帐了，"}, {"StartTime": 638.85, "EndTime": 641.15, "Value": " because these indicate active security measures ", "trans": "因为这些都是主动的安全措施"}, {"StartTime": 641.15, "EndTime": 644.35, "Value": " that will keep your personal and credit card information safe. ", "trans": "这样可以保证你的个人和信用卡信息的安全。"}, {"StartTime": 644.35, "EndTime": 646.45, "Value": " OK, last one: ", "trans": "好的，最后一个："}, {"StartTime": 646.45, "EndTime": 648.65, "Value": " go hunting for the \" Contact Us\" page. ", "trans": "去寻找“联系我们”页面。"}, {"StartTime": 648.65, "EndTime": 651.55, "Value": " If you can only find a generic webform, ", "trans": "如果你只能找到一个通用的webform，"}, {"StartTime": 651.55, "EndTime": 655.45, "Value": " no company name, telephone number, email address, postal address -- ", "trans": "没有公司名称，电话号码，电子邮件地址，邮政地址--"}, {"StartTime": 655.45, "EndTime": 657.55, "Value": " that's it, case closed. ", "trans": "就这样，案子结束了。"}, {"StartTime": 657.55, "EndTime": 659.85, "Value": " You found a counterfeiter. ", "trans": "你找到了一个造假者。"}, {"StartTime": 659.85, "EndTime": 662.15, "Value": " Sadly, you're going to have to go back to Google ", "trans": "可悲的是，你不得不回到谷歌"}, {"StartTime": 662.15, "EndTime": 664.25, "Value": " and start your shopping search all over again, ", "trans": "重新开始你的购物搜索，"}, {"StartTime": 664.25, "EndTime": 668.45, "Value": " but you didn't get ripped off, so that's only a good thing. ", "trans": "但你没有被敲诈，所以这只是件好事。"}, {"StartTime": 668.45, "EndTime": 672.05, "Value": " As the world's most famous fictional detective would say, ", "trans": "正如世界上最著名的虚构侦探所说，"}, {"StartTime": 672.05, "EndTime": 674.85, "Value": " \" Watson, the game is afoot.\" ", "trans": "“沃森，比赛正在进行中。”"}, {"StartTime": 674.85, "EndTime": 677.45, "Value": " Only this time, my investigator friends, ", "trans": "只是这次，我的调查员朋友们，"}, {"StartTime": 677.45, "EndTime": 679.75, "Value": " the game is painfully real. ", "trans": "这个游戏是痛苦的真实。"}, {"StartTime": 679.75, "EndTime": 681.95, "Value": " So the next time you're shopping online, ", "trans": "所以下次你在网上购物时，"}, {"StartTime": 681.95, "EndTime": 683.85, "Value": " or perhaps wherever it is, ", "trans": "或者不管它在哪里，"}, {"StartTime": 683.85, "EndTime": 688.05, "Value": " look closer, question a little bit deeper, and ask yourself -- ", "trans": "仔细看看，问得更深一点，问问自己--"}, {"StartTime": 688.05, "EndTime": 690.95, "Value": " before you hand over the cash or click \" Buy, \" ", "trans": "在你交出现金或点击“购买”之前"}, {"StartTime": 690.95, "EndTime": 693.05, "Value": " \" Am I sure this is real? \" ", "trans": "“我确定这是真的吗？”"}, {"StartTime": 693.05, "EndTime": 696.55, "Value": " Tell your friend that used to buy counterfeit watches ", "trans": "告诉你的朋友以前买的是假表"}, {"StartTime": 696.55, "EndTime": 700.15, "Value": " that he may just have brought the next attack one day closer. ", "trans": "他可能只是让下一次袭击更近一天。"}, {"StartTime": 700.15, "EndTime": 702.65, "Value": " And, if you see an Instagram advert for fakes, ", "trans": "如果你看到Instagram的假货广告，"}, {"StartTime": 702.65, "EndTime": 704.05, "Value": " don't keep scrolling past, ", "trans": "不要一直滚动过去，"}, {"StartTime": 704.05, "EndTime": 707.15, "Value": " report it to the platform as a scam. ", "trans": "向平台举报是骗局。"}, {"StartTime": 707.15, "EndTime": 710.25, "Value": " Let's shine a light on the dark forces of counterfeiting ", "trans": "让我们来揭开造假的黑暗势力"}, {"StartTime": 710.25, "EndTime": 712.25, "Value": " that are hiding in plain sight. ", "trans": "隐藏在眼前。"}, {"StartTime": 712.25, "EndTime": 714.35, "Value": " So please, spread the word ", "trans": "所以请你把话传出去"}, {"StartTime": 714.35, "EndTime": 716.25, "Value": " and don't stop investigating. ", "trans": "不要停止调查。"}, {"StartTime": 716.25, "EndTime": 717.35, "Value": " Thank you. ", "trans": "谢谢您。"}, {"StartTime": 717.35, "EndTime": 922337203685.4775, "Value": " (Applause) ", "trans": "（掌声）"}]