[{"StartTime": 12.8, "EndTime": 15.9, "Value": "College English Test Band 6"}, {"StartTime": 15.98, "EndTime": 19.04, "Value": "Part II Listening Comprehension"}, {"StartTime": 19.76, "EndTime": 20.98, "Value": "Section A"}, {"StartTime": 21.22, "EndTime": 26.58, "Value": "Directions: In this section, you will hear two long conversations."}, {"StartTime": 26.7, "EndTime": 30.86, "Value": "At the end of each conversation, you will hear four questions."}, {"StartTime": 31.2, "EndTime": 35.48, "Value": "Both the conversation and the questions will be spoken only once."}, {"StartTime": 36.18, "EndTime": 43.72, "Value": "After you hear a question, you must choose the best answer from the four choices marked A), B), C) and D)."}, {"StartTime": 44.5, "EndTime": 50.08, "Value": "Then mark the corresponding letter on Answer Sheet 1 with a single line through the centre."}, {"StartTime": 51.22, "EndTime": 52.6, "Value": "Conversation One"}, {"StartTime": 52.76, "EndTime": 56.9, "Value": "W: Wow, I would give anything to be more like Audrey Hepburn."}, {"StartTime": 57.24, "EndTime": 62.16, "Value": "M: I never really understood why so many girls were such big fans of her."}, {"StartTime": 62.56, "EndTime": 72.1, "Value": "I mean, I've seen the famous films, Roman Holiday, Breakfast at Tiffany's and a few others, but I still don't fully get it."}, {"StartTime": 72.38, "EndTime": 74.68, "Value": "Was she that great of an actress?"}, {"StartTime": 74.76, "EndTime": 79.2, "Value": "W: Well, for me, my adoration goes beyond her movies."}, {"StartTime": 79.28, "EndTime": 82.66, "Value": "She had such a classic elegance about her."}, {"StartTime": 83.02, "EndTime": 91.32, "Value": "She was always so poised, in part because she spent years training as a ballet dancer before becoming an actress."}, {"StartTime": 91.82, "EndTime": 94.64, "Value": "M: Why didn't she stick to dancing as a career?"}, {"StartTime": 94.82, "EndTime": 96.64, "Value": "W: It seems it was fate."}, {"StartTime": 96.7, "EndTime": 105.68, "Value": "She suffered from inadequate nutrition during the war, and therefore a career as a professional dancer would have been too demanding on her body."}, {"StartTime": 106.04, "EndTime": 108.8, "Value": "So she focused on acting instead."}, {"StartTime": 109.1, "EndTime": 113.2, "Value": "Roman Holiday was her first big break which made her a star."}, {"StartTime": 113.86, "EndTime": 118.34, "Value": "M: Was that the film that opened with her shopping for jewelry in New York city?"}, {"StartTime": 118.94, "EndTime": 126.26, "Value": "You know, the scene---she was wearing a black dress and dark sunglasses with a pearl necklace and long black gloves."}, {"StartTime": 126.62, "EndTime": 129.3, "Value": "I see the photo of her in that costume everywhere."}, {"StartTime": 129.48, "EndTime": 132.6, "Value": "W: No, that one is Breakfast at Tiffany's."}, {"StartTime": 132.82, "EndTime": 138.84, "Value": "That costume is often referred to as the most famous little black dress of all time."}, {"StartTime": 139.34, "EndTime": 149.06, "Value": "Her character in that film is very outgoing and charming, even though in real life, Audrey always described herself as shy and quiet."}, {"StartTime": 149.54, "EndTime": 152.66, "Value": "M: So what did she do after her acting career?"}, {"StartTime": 152.86, "EndTime": 156.8, "Value": "W: She dedicated much of her life to helping children in need."}, {"StartTime": 156.96, "EndTime": 161.88, "Value": "Her family received international aid during the war when she was growing up."}, {"StartTime": 162.18, "EndTime": 164.88, "Value": "I think that left a big impression on her."}, {"StartTime": 165.18, "EndTime": 170.06, "Value": "That's where I got the idea to volunteer for children's charity next weekend."}, {"StartTime": 170.44, "EndTime": 171.62, "Value": "M: I'll join you."}, {"StartTime": 171.86, "EndTime": 177.86, "Value": "I may not be as charming as Audrey Hepburn, but I'm all for supporting a good cause."}, {"StartTime": 178.41, "EndTime": 182.73, "Value": "Questions 1 to 4 are based on the conversation you have just heard."}, {"StartTime": 183.16, "EndTime": 188.72, "Value": "1 What does the man say “He never really understood”?"}, {"StartTime": 200.92, "EndTime": 207.2, "Value": "2 What prevented Audrey Hepburn from becoming a professional dancer?"}, {"StartTime": 219.52, "EndTime": 225.04, "Value": "3 What do we learn about Audrey Hepburn in real life?"}, {"StartTime": 237.52, "EndTime": 245.6, "Value": "4 Why did Audrey Hepburn devote much of her life to charity after her acting career?"}, {"StartTime": 257.88, "EndTime": 259.84, "Value": "Conversation Two"}, {"StartTime": 260.04, "EndTime": 265.68, "Value": "W: So, how is our presentation about the restructuring of the company coming along?"}, {"StartTime": 266.9, "EndTime": 272.14, "Value": "M: Fine. I'm putting the finishing touches to it now, but we'll have to be prepared for questions."}, {"StartTime": 272.16, "EndTime": 276.48, "Value": "W: Yes, there's already a feeling that this is a top-down change."}, {"StartTime": 276.78, "EndTime": 279.2, "Value": "We really need to get everyone on board."}, {"StartTime": 280.06, "EndTime": 283.54, "Value": "M: Well, there's been an extensive consultation period."}, {"StartTime": 283.62, "EndTime": 288.36, "Value": "W: I know, but there's always the feeling that if it isn't broke, don't fix it."}, {"StartTime": 288.48, "EndTime": 290.98, "Value": "M: People are worried about their jobs, too."}, {"StartTime": 291.466, "EndTime": 297.933, "Value": "I think we need to stress that while there'll be some job changes, there won't be anyone getting dismissed."}, {"StartTime": 298.133, "EndTime": 301.16, "Value": "In fact, we're looking to take on more staff."}, {"StartTime": 301.2, "EndTime": 305.0, "Value": "W: Agreed. You can hardly blame people for worrying though."}, {"StartTime": 305.14, "EndTime": 309.6, "Value": "We need to make it clear that it's not just change for change's sake."}, {"StartTime": 309.86, "EndTime": 314.48, "Value": "In other words, we really must make the case for why we are doing it."}, {"StartTime": 314.64, "EndTime": 317.8, "Value": "So what's the outline of the presentation?"}, {"StartTime": 318.44, "EndTime": 326.18, "Value": "M: I'll start with a brief review of the reasons for the change that we really need to make a clean break to restart growth."}, {"StartTime": 326.8, "EndTime": 331.82, "Value": "After that I'll outline the new company structures and who's going where."}, {"StartTime": 332.28, "EndTime": 339.3, "Value": "Then I'll hand it over to you to discuss the timeline and summarize, and we'll take questions together at the end."}, {"StartTime": 339.82, "EndTime": 340.96, "Value": "Anything else?"}, {"StartTime": 341.06, "EndTime": 345.7, "Value": "W: Oh, yeah, we should let the staff know the channels of communication."}, {"StartTime": 345.74, "EndTime": 350.96, "Value": "You know, who they can contact or direct questions to about these changes?"}, {"StartTime": 351.4, "EndTime": 357.38, "Value": "M: Yes, and we can collect some frequently asked questions and present some general answers."}, {"StartTime": 357.5, "EndTime": 365.34, "Value": "W: Um, and we'll make the presentation and the questions available via the company's own computer network, right?"}, {"StartTime": 365.4, "EndTime": 370.48, "Value": "M: Yes, we'll make a page on the network, where staff can download all the details."}, {"StartTime": 370.6, "EndTime": 375.48, "Value": "W: All right, perhaps we should do a practice run of the presentation first."}, {"StartTime": 375.56, "EndTime": 376.24, "Value": "M: You bet."}, {"StartTime": 376.94, "EndTime": 381.4, "Value": "Questions 5 to 8 are based on the conversation you have just heard."}, {"StartTime": 382.18, "EndTime": 385.46, "Value": "5 What is the man going to do?"}, {"StartTime": 398.166, "EndTime": 403.466, "Value": "6 What does the man say about the restructuring?"}, {"StartTime": 415.833, "EndTime": 420.533, "Value": "7 What will the man explain first?"}, {"StartTime": 433.0, "EndTime": 439.066, "Value": "8 How can the staff learn more about the company's restructuring?"}, {"StartTime": 451.8, "EndTime": 452.933, "Value": "Section B"}, {"StartTime": 453.133, "EndTime": 457.8, "Value": "Directions: In this section, you will hear two passages."}, {"StartTime": 458.1, "EndTime": 462.766, "Value": "At the end of each passage, you will hear three or four questions."}, {"StartTime": 462.933, "EndTime": 466.9, "Value": "Both the passage and the questions will be spoken only once."}, {"StartTime": 467.5, "EndTime": 475.233, "Value": "After you hear a question, you must choose the best answer from the four choices marked A), B), C) and D)."}, {"StartTime": 475.933, "EndTime": 481.566, "Value": "Then mark the corresponding letter on Answer Sheet 1 with a single line through the center."}, {"StartTime": 482.5, "EndTime": 483.9, "Value": "Passage One"}, {"StartTime": 484.033, "EndTime": 496.133, "Value": "Airline passengers have to deal with a lot these days, getting bumped from flights and losing luggage on top of the general anxiety that nervous passengers always feel."}, {"StartTime": 496.466, "EndTime": 505.466, "Value": "At the Cincinnati/Northern Kentucky International Airport, miniature horses deliver a calming force two times a month."}, {"StartTime": 505.933, "EndTime": 513.5, "Value": "Denver and Ruby are two of the 34 therapy horses brought in from a local farm."}, {"StartTime": 513.833, "EndTime": 519.866, "Value": "They can usually be found in the ticket counter area interacting with travelers."}, {"StartTime": 520.2, "EndTime": 525.233, "Value": "More than 30 airports across the country now have therapy dogs."}, {"StartTime": 525.533, "EndTime": 528.6, "Value": "San Francisco has a therapy pig."}, {"StartTime": 529.1, "EndTime": 537.1, "Value": "San Jose, California, began a dog program after the terrorist attacks of September 11th."}, {"StartTime": 537.466, "EndTime": 544.766, "Value": "Since its beginning, the program has now grown and has 21 therapy dogs and a therapy cat."}, {"StartTime": 545.133, "EndTime": 547.6, "Value": "The animals don't get startled."}, {"StartTime": 547.7, "EndTime": 555.533, "Value": "They have had hundreds of hours of airport training, so they are used to having luggage and people crowding around them."}, {"StartTime": 555.866, "EndTime": 563.8, "Value": "These professional animals are probably better at finding their way in the airports than the most frequent of travelers."}, {"StartTime": 564.1, "EndTime": 572.266, "Value": "The passengers often say that seeing animals makes them feel much better and helps them to calm down before a flight."}, {"StartTime": 572.8, "EndTime": 577.233, "Value": "This little bit of support can sometimes make a big difference."}, {"StartTime": 577.733, "EndTime": 585.533, "Value": "Some passengers enjoy the animals so much that they call the airport to schedule flights around their visits."}, {"StartTime": 585.666, "EndTime": 592.2, "Value": "Visits to nursing homes and schools are also a regular part of the horses' schedule."}, {"StartTime": 592.466, "EndTime": 598.466, "Value": "Their owner is already working on a new idea for a therapy animal---donkeys."}, {"StartTime": 599.433, "EndTime": 604.1, "Value": "Questions 9 to 11 are based on the passage you have just heard."}, {"StartTime": 604.5, "EndTime": 611.233, "Value": "9 What is special about the Cincinnati/Northern Kentucky International Airport?"}, {"StartTime": 623.733, "EndTime": 630.366, "Value": "10 What are the trained animals probably capable of doing in an airport?"}, {"StartTime": 642.733, "EndTime": 647.033, "Value": "11 What do some passengers try to do?"}, {"StartTime": 659.466, "EndTime": 660.866, "Value": "Passage Two"}, {"StartTime": 661.7, "EndTime": 668.233, "Value": "Hello, viewers. Today I'm standing at a 2,000-year-old Roman era site."}, {"StartTime": 668.966, "EndTime": 674.5, "Value": "Here, the brightly colored scenes that once decorated a mansion are being dug up."}, {"StartTime": 674.666, "EndTime": 684.166, "Value": "These scenes are turning up in the southern French city of Arles, surprising the historians who have been working here since 2014."}, {"StartTime": 684.6, "EndTime": 689.466, "Value": "Patches of paint still cling to the stone walls of the bedroom and reception hall."}, {"StartTime": 690.0, "EndTime": 695.033, "Value": "Some of these painted walls are preserved in places to a height of one meter."}, {"StartTime": 695.6, "EndTime": 700.766, "Value": "In addition, thousands of fragments that fell off the walls have been recovered."}, {"StartTime": 701.266, "EndTime": 707.966, "Value": "These pieces have been put back together with great care and display a variety of images."}, {"StartTime": 708.366, "EndTime": 719.0, "Value": "Some of these images include figures never seen before in France, such as a woman playing a stringed instrument, possibly a character from mythology."}, {"StartTime": 719.98, "EndTime": 729.2, "Value": "The paintings were done with such skill and with such expensive dyes that experts believed the artists originally came from Italy."}, {"StartTime": 729.6, "EndTime": 733.133, "Value": "They were likely hired by one of the city's elite."}, {"StartTime": 733.466, "EndTime": 739.9, "Value": "Perhaps a Roman official wanted Pompeii-like interior to remind him of home."}, {"StartTime": 740.366, "EndTime": 750.0, "Value": "He was probably stationed in this provincial trading port founded in 46 B.C. as a colony for veterans of the Roman army."}, {"StartTime": 750.233, "EndTime": 755.7, "Value": "Or maybe a wealthy local wanted to show off his worldly sophistication."}, {"StartTime": 756.033, "EndTime": 764.266, "Value": "The paintings may yield even more stunning surprises as additional sections are put together like pieces of a puzzle."}, {"StartTime": 764.85, "EndTime": 775.8, "Value": "Whoever it was that created such magnificent pieces of art, they surely had no idea that their work would still be around thousands of years later."}, {"StartTime": 776.566, "EndTime": 781.6, "Value": "Questions 12 to 15 are based on the passage you have just heard."}, {"StartTime": 781.766, "EndTime": 785.966, "Value": "12 Where is the speaker standing?"}, {"StartTime": 798.433, "EndTime": 805.433, "Value": "13 What do the thousands of fragments display when they are put back together?"}, {"StartTime": 817.733, "EndTime": 825.2, "Value": "14 What makes experts think the paintings were done by artists from Italy?"}, {"StartTime": 837.766, "EndTime": 843.966, "Value": "15 What do we learn from the passage about the owner of the mansion?"}, {"StartTime": 856.666, "EndTime": 858.033, "Value": "Section C"}, {"StartTime": 858.333, "EndTime": 867.4, "Value": "Directions: In this section, you will hear three recordings of lectures or talks followed by three or four questions."}, {"StartTime": 867.833, "EndTime": 870.7, "Value": "The recordings will be played only once."}, {"StartTime": 870.87, "EndTime": 878.98, "Value": "After you hear a question, you must choose the best answer from the four choices marked A), B), C) and D)."}, {"StartTime": 879.333, "EndTime": 885.933, "Value": "Then mark the corresponding letter on Answer Sheet 1 with a single line through the center."}, {"StartTime": 886.533, "EndTime": 896.033, "Value": "Recording One Good afternoon, class! Today I want to discuss with you a new approach to empirical research."}, {"StartTime": 896.3, "EndTime": 899.93, "Value": "In the past, scientists often worked alone."}, {"StartTime": 900.033, "EndTime": 904.8, "Value": "They were confined to the university or research center where they worked."}, {"StartTime": 905.0, "EndTime": 912.66, "Value": "Today, though, we are seeing mergers of some of the greatest scientific minds, regardless of their location."}, {"StartTime": 913.133, "EndTime": 918.8, "Value": "There has never been a better time for collaborations with foreign scientists."}, {"StartTime": 919.19, "EndTime": 922.833, "Value": "In fact, the European Union is taking the lead."}, {"StartTime": 923.04, "EndTime": 932.233, "Value": "Spurred on by funding policies, half of European research articles had international co-authors in 2007."}, {"StartTime": 932.533, "EndTime": 936.366, "Value": "This is more than twice the level of two decades ago."}, {"StartTime": 936.94, "EndTime": 946.233, "Value": "The European Union's level of international co-authorship is about twice that of the United States, Japan and India."}, {"StartTime": 946.6, "EndTime": 951.166, "Value": "Even so, the levels in these countries are also rising."}, {"StartTime": 951.44, "EndTime": 958.466, "Value": "This is a sign of the continued allure of creating scientific coalitions across borders."}, {"StartTime": 959.766, "EndTime": 970.2, "Value": "András Schubert, a researcher at the Institute for Science Policy Research, says that the rising collaboration is partly out of necessity."}, {"StartTime": 970.7, "EndTime": 974.433, "Value": "This necessity comes with the rise of ‘big science'."}, {"StartTime": 974.61, "EndTime": 978.466, "Value": "Many scientific endeavours have become more complicated."}, {"StartTime": 978.733, "EndTime": 984.0, "Value": "These new complications require the money and labour of many nations."}, {"StartTime": 984.1, "EndTime": 990.766, "Value": "But he says collaborations have also emerged because of increased possibilities:"}, {"StartTime": 991.8, "EndTime": 996.266, "Value": "the Internet allows like-minded scientists to find each other."}, {"StartTime": 996.6, "EndTime": 1004.03, "Value": "Simultaneously, dramatic drops in communication costs ease long-distance interactions."}, {"StartTime": 1004.233, "EndTime": 1013.433, "Value": "And there's a reward: studies of citation counts show that internationally co-authored papers have better visibility."}, {"StartTime": 1013.58, "EndTime": 1033.0, "Value": "Schubert says “international collaboration is a way to spread ideas in wider and wider circles.” Caroline Wagner, a research scientist at George Washington University, notes that international collaborations offer additional flexibility."}, {"StartTime": 1033.433, "EndTime": 1047.366, "Value": "Whereas local collaborations sometimes persist past the point of usefulness because of social or academic obligations, international ones can be cultivated and dropped more freely."}, {"StartTime": 1048.0, "EndTime": 1052.866, "Value": "The collaborative trend is true across scientific disciplines."}, {"StartTime": 1052.966, "EndTime": 1057.18, "Value": "Some fields, though, have a greater tendency for it."}, {"StartTime": 1057.4, "EndTime": 1062.0, "Value": "Particle physicists and astronomers collaborate often."}, {"StartTime": 1062.133, "EndTime": 1066.32, "Value": "This is because they must share expensive facilities."}, {"StartTime": 1066.466, "EndTime": 1072.05, "Value": "Mathematicians, by contrast, tend historically towards solitude."}, {"StartTime": 1072.2, "EndTime": 1076.46, "Value": "As a consequence, they lag behind other disciplines."}, {"StartTime": 1076.566, "EndTime": 1081.3, "Value": "However, Wagner says, partnerships are rising there, too."}, {"StartTime": 1081.7, "EndTime": 1086.433, "Value": "The level of collaboration also varies from country to country."}, {"StartTime": 1086.633, "EndTime": 1093.78, "Value": "“There are historical and political reasons as to why collaborations emerge,” says Wagner."}, {"StartTime": 1093.933, "EndTime": 1102.466, "Value": "This rise is also apparen'tly boosted by policies embedded in European framework funding schemes."}, {"StartTime": 1102.666, "EndTime": 1108.6, "Value": "These policies underlie funding requirements that often require teamwork."}, {"StartTime": 1109.533, "EndTime": 1115.133, "Value": "Questions 16 to 18 are based on the recording you have just heard."}, {"StartTime": 1115.366, "EndTime": 1122.466, "Value": "16 What do we learn about the research funding policies in the European Union?"}, {"StartTime": 1134.9, "EndTime": 1141.8, "Value": "17 Why do researchers today favor international collaboration?"}, {"StartTime": 1154.066, "EndTime": 1159.466, "Value": "18 What do we learn about the field of mathematics?"}, {"StartTime": 1171.95, "EndTime": 1186.633, "Value": "Recording Two Good evening! In 1959, on the day that I was born, a headline in Life magazine proclaimed “Target Venus: There May be Life There!”"}, {"StartTime": 1187.033, "EndTime": 1202.82, "Value": "It told of how scientists rode a balloon to an altitude of 80,000 feet to make telescope observations of Venus's atmosphere, and how their discovery of water raised hopes that there could be living things there."}, {"StartTime": 1203.0, "EndTime": 1212.666, "Value": "As a kid, I thrilled to tales of adventure in Isaac Asimov's juvenile science-fiction novel Lucky Starr and the Oceans of Venus."}, {"StartTime": 1213.133, "EndTime": 1218.2, "Value": "For many of my peers, though, Venus quickly lost its romance."}, {"StartTime": 1218.6, "EndTime": 1229.633, "Value": "The very first thing that scientists discovered with a mission to another planet was that Venus was not at all the earthly paradise that fiction had portrayed."}, {"StartTime": 1230.433, "EndTime": 1238.333, "Value": "It is nearly identical to our own planet in bulk properties such as mass, density, and size."}, {"StartTime": 1238.533, "EndTime": 1244.666, "Value": "But its surface has been cooked and dried by an ocean of carbon dioxide."}, {"StartTime": 1244.833, "EndTime": 1257.77, "Value": "Trapped in the burning death-grip of a runaway greenhouse effect, Venus has long been held up as a cautionary tale for everything that could go wrong on a planet like Earth."}, {"StartTime": 1258.233, "EndTime": 1265.333, "Value": "As a possible home for alien life, it has been voted the planet least likely to succeed."}, {"StartTime": 1266.133, "EndTime": 1273.633, "Value": "But I have refused to give up on Venus, and over the years my stubborn loyalty has been justified."}, {"StartTime": 1274.3, "EndTime": 1283.033, "Value": "The rocky views glimpsed by Venera 9 and other Russian landers suggested a tortured volcanic history."}, {"StartTime": 1283.533, "EndTime": 1297.766, "Value": "That was confirmed in the early 1990s by the American Magellan orbiter, which used radar to peer through the planet's thick clouds and map out a rich, varied and dynamic surface."}, {"StartTime": 1298.333, "EndTime": 1308.0, "Value": "The surface formed mostly in the last billion years, which makes it fresher and more recently active than any rocky planet other than Earth."}, {"StartTime": 1308.9, "EndTime": 1320.0, "Value": "Russian and American spacecraft also found hints that its ancient climate might have been wetter, cooler, and possibly even friendly to life."}, {"StartTime": 1321.266, "EndTime": 1330.166, "Value": "Measurements of density and composition implied that Venus originally formed out of basically the same stuff as Earth."}, {"StartTime": 1330.466, "EndTime": 1337.633, "Value": "That presumably included much more water than the tiny trace we find blowing in the thick air today."}, {"StartTime": 1338.333, "EndTime": 1353.033, "Value": "Thus, our picture of Venus at around the time life was getting started on Earth is one of warm oceans, probably rich with organic molecules, splashing around rocky shores and volcanic vents."}, {"StartTime": 1353.7, "EndTime": 1357.233, "Value": "The sun was considerably less bright back then."}, {"StartTime": 1357.333, "EndTime": 1362.266, "Value": "So, Venus was arguably a cozier habitat for life than Earth."}, {"StartTime": 1362.833, "EndTime": 1368.266, "Value": "Questions 19 to 21 are based on the recording you have just heard."}, {"StartTime": 1368.65, "EndTime": 1374.466, "Value": "19 What do we learn from the Life magazine article?"}, {"StartTime": 1387.04, "EndTime": 1393.0, "Value": "20 What are scientists' findings about Venus?"}, {"StartTime": 1405.566, "EndTime": 1414.466, "Value": "21 What information did Russian and American space probes provide about Venus?"}, {"StartTime": 1426.866, "EndTime": 1433.633, "Value": "Recording Three I'm a psychology professor at the University of British Columbia."}, {"StartTime": 1433.7, "EndTime": 1443.366, "Value": "I specialize in cultural psychology, examining similarities and differences between East Asians and North Americans."}, {"StartTime": 1443.8, "EndTime": 1458.533, "Value": "Our research team has been looking at cultural differences in self-enhancing motivations, how people have positive feelings towards not only themselves but things connected to themselves."}, {"StartTime": 1458.7, "EndTime": 1465.766, "Value": "For example, when you own something, you view it as more valuable than when you don't own it."}, {"StartTime": 1465.833, "EndTime": 1468.833, "Value": "It's called the “endowment effect”."}, {"StartTime": 1469.033, "EndTime": 1475.5, "Value": "The strength of that effect is stronger in Western cultures than in East Asian cultures."}, {"StartTime": 1475.666, "EndTime": 1485.733, "Value": "So we've been looking at other ways of seeing whether this motivation to view oneself positively is shaped by cultural experiences."}, {"StartTime": 1486.533, "EndTime": 1490.533, "Value": "We've also started to look at how culture shapes sleep."}, {"StartTime": 1490.733, "EndTime": 1494.466, "Value": "We're still in the exploratory stages of this project---"}, {"StartTime": 1494.633, "EndTime": 1504.9, "Value": "although what's noteworthy is that East Asians on average sleep about an hour and a half less each night than North Americans do."}, {"StartTime": 1505.166, "EndTime": 1512.8, "Value": "And it's not a more efficient sleep, not like they're compressing relatively more value out of their hours."}, {"StartTime": 1513.033, "EndTime": 1520.933, "Value": "Other studies have found that even infants in East Asia sleep about an hour less than European infants."}, {"StartTime": 1521.0, "EndTime": 1526.0, "Value": "So we're trying to figure out how culture shapes the way you sleep."}, {"StartTime": 1526.933, "EndTime": 1531.166, "Value": "Our experiment does not take place in a sleep lab."}, {"StartTime": 1531.266, "EndTime": 1538.533, "Value": "Instead, we lend people motion-detecting watches and they wear them for a week at a time---"}, {"StartTime": 1538.7, "EndTime": 1543.3, "Value": "whenever they're not having a shower or swimming they keep it on."}, {"StartTime": 1543.7, "EndTime": 1556.166, "Value": "These kinds of watches are used in sleep studies as a way of measuring how long people are sleeping, how efficient their sleep is, and whether they're waking up in the night."}, {"StartTime": 1556.6, "EndTime": 1561.7, "Value": "Ideally I'd like to take this into a controlled lab environment."}, {"StartTime": 1562.033, "EndTime": 1565.033, "Value": "We'll see where the research points us."}, {"StartTime": 1565.133, "EndTime": 1578.733, "Value": "We usually start off with the more affordable methods, and if everything looks promising, then it'll justify trying to build a sleep lab and study sleep across cultures that way."}, {"StartTime": 1579.1, "EndTime": 1580.966, "Value": "Why do we study sleep?"}, {"StartTime": 1581.033, "EndTime": 1586.7, "Value": "Sleep is something that has really been an unexplored topic cross-culturally."}, {"StartTime": 1587.0, "EndTime": 1600.566, "Value": "I'm attracted to it because culture isn't something that only shapes the way our minds operate; it shapes the way our bodies operate too, and sleep is at the intersection of those."}, {"StartTime": 1601.1, "EndTime": 1606.933, "Value": "Questions 22 to 25 are based on the recording you have just heard."}, {"StartTime": 1607.166, "EndTime": 1611.833, "Value": "22 What does the speaker mainly study?"}, {"StartTime": 1624.366, "EndTime": 1630.0, "Value": "23 What does the speaker say about North Americans?"}, {"StartTime": 1642.366, "EndTime": 1647.933, "Value": "24 How did the speaker conduct the sleep study?"}, {"StartTime": 1660.233, "EndTime": 1666.133, "Value": "25 What does the speaker say about research on sleep?"}, {"StartTime": 1678.6, "EndTime": 1682.2, "Value": "This is the end of Listening Comprehension."}]