[{"StartTime": 12.8, "EndTime": 15.9, "Value": "College English Test Band 6", "trans": "大学英语六级考试"}, {"StartTime": 15.98, "EndTime": 19.04, "Value": "Part II Listening Comprehension", "trans": "第二部分听力理解"}, {"StartTime": 19.76, "EndTime": 20.98, "Value": "Section A", "trans": "A部分"}, {"StartTime": 21.22, "EndTime": 26.58, "Value": "Directions: In this section, you will hear two long conversations.", "trans": "说明：在本节中，您将听到两个长对话。"}, {"StartTime": 26.7, "EndTime": 30.86, "Value": "At the end of each conversation, you will hear four questions.", "trans": "每次谈话结束时，你会听到四个问题。"}, {"StartTime": 31.2, "EndTime": 35.48, "Value": "Both the conversation and the questions will be spoken only once.", "trans": "对话和问题都只讲一次。"}, {"StartTime": 36.18, "EndTime": 43.72, "Value": "After you hear a question, you must choose the best answer from the four choices marked A), B), C) and D).", "trans": "听到问题后，你必须从a）、B）、C）和D）四个选项中选择最佳答案。"}, {"StartTime": 44.5, "EndTime": 50.08, "Value": "Then mark the corresponding letter on Answer Sheet 1 with a single line through the centre.", "trans": "然后在答题纸1上用一条横过中心的线标出相应的字母。"}, {"StartTime": 51.22, "EndTime": 52.6, "Value": "Conversation One", "trans": "对话一"}, {"StartTime": 52.76, "EndTime": 56.9, "Value": "W: Wow, I would give anything to be more like Audrey Hepburn.", "trans": "W： 哇，为了更像奥黛丽·赫本，我愿意付出一切。"}, {"StartTime": 57.24, "EndTime": 62.16, "Value": "M: I never really understood why so many girls were such big fans of her.", "trans": "M： 我真的不明白为什么那么多女孩都那么喜欢她。"}, {"StartTime": 62.56, "EndTime": 72.1, "Value": "I mean, I've seen the famous films, Roman Holiday, Breakfast at Tiffany's and a few others, but I still don't fully get it.", "trans": "我是说，我看过著名的电影《罗马假日》、《蒂凡尼早餐会》和其他一些电影，但我还是没有完全理解。"}, {"StartTime": 72.38, "EndTime": 74.68, "Value": "Was she that great of an actress?", "trans": "她有那么出色的女演员吗？"}, {"StartTime": 74.76, "EndTime": 79.2, "Value": "W: Well, for me, my adoration goes beyond her movies.", "trans": "W： 好吧，对我来说，我对她的崇拜超越了她的电影。"}, {"StartTime": 79.28, "EndTime": 82.66, "Value": "She had such a classic elegance about her.", "trans": "她有一种典型的优雅气质。"}, {"StartTime": 83.02, "EndTime": 91.32, "Value": "She was always so poised, in part because she spent years training as a ballet dancer before becoming an actress.", "trans": "她总是那么泰然自若，部分原因是她在成为演员之前花了数年的芭蕾舞训练。"}, {"StartTime": 91.82, "EndTime": 94.64, "Value": "M: Why didn't she stick to dancing as a career?", "trans": "M： 她为什么不坚持把跳舞作为职业？"}, {"StartTime": 94.82, "EndTime": 96.64, "Value": "W: It seems it was fate.", "trans": "W： 看来这是缘分。"}, {"StartTime": 96.7, "EndTime": 105.68, "Value": "She suffered from inadequate nutrition during the war, and therefore a career as a professional dancer would have been too demanding on her body.", "trans": "她在战争期间营养不足，因此职业舞蹈对她的身体要求太高。"}, {"StartTime": 106.04, "EndTime": 108.8, "Value": "So she focused on acting instead.", "trans": "所以她转而专注于表演。"}, {"StartTime": 109.1, "EndTime": 113.2, "Value": "Roman Holiday was her first big break which made her a star.", "trans": "罗马假日是她第一次大休息，这使她成了明星。"}, {"StartTime": 113.86, "EndTime": 118.34, "Value": "M: Was that the film that opened with her shopping for jewelry in New York city?", "trans": "M： 那部电影是以她在纽约市买珠宝为开场白的吗？"}, {"StartTime": 118.94, "EndTime": 126.26, "Value": "You know, the scene---she was wearing a black dress and dark sunglasses with a pearl necklace and long black gloves.", "trans": "你知道，那一幕——她穿着一件黑色连衣裙，戴着一副黑色的墨镜，戴着珍珠项链和黑色长手套。"}, {"StartTime": 126.62, "EndTime": 129.3, "Value": "I see the photo of her in that costume everywhere.", "trans": "我到处都能看到她穿着那套服装的照片。"}, {"StartTime": 129.48, "EndTime": 132.6, "Value": "W: No, that one is Breakfast at Tiffany's.", "trans": "W： 不，那是蒂芙尼的早餐。"}, {"StartTime": 132.82, "EndTime": 138.84, "Value": "That costume is often referred to as the most famous little black dress of all time.", "trans": "那套服装常被称为有史以来最著名的黑色小礼服。"}, {"StartTime": 139.34, "EndTime": 149.06, "Value": "Her character in that film is very outgoing and charming, even though in real life, Audrey always described herself as shy and quiet.", "trans": "她在那部电影中的角色是非常外向和迷人的，尽管在现实生活中，奥黛丽总是形容自己害羞和安静。"}, {"StartTime": 149.54, "EndTime": 152.66, "Value": "M: So what did she do after her acting career?", "trans": "M： 那么她演艺生涯结束后做了什么？"}, {"StartTime": 152.86, "EndTime": 156.8, "Value": "W: She dedicated much of her life to helping children in need.", "trans": "W： 她一生中大部分时间都致力于帮助需要帮助的孩子。"}, {"StartTime": 156.96, "EndTime": 161.88, "Value": "Her family received international aid during the war when she was growing up.", "trans": "在她成长的过程中，她的家人在战争期间得到了国际援助。"}, {"StartTime": 162.18, "EndTime": 164.88, "Value": "I think that left a big impression on her.", "trans": "我想这给她留下了深刻的印象。"}, {"StartTime": 165.18, "EndTime": 170.06, "Value": "That's where I got the idea to volunteer for children's charity next weekend.", "trans": "这就是我下周末想到为儿童慈善组织做志愿者的原因。"}, {"StartTime": 170.44, "EndTime": 171.62, "Value": "M: I'll join you.", "trans": "M： 我和你一起去。"}, {"StartTime": 171.86, "EndTime": 177.86, "Value": "I may not be as charming as Audrey Hepburn, but I'm all for supporting a good cause.", "trans": "我可能没有奥黛丽·赫本那么迷人，但我完全支持一个好的事业。"}, {"StartTime": 178.41, "EndTime": 182.73, "Value": "Questions 1 to 4 are based on the conversation you have just heard.", "trans": "问题1到4基于你刚才听到的对话。"}, {"StartTime": 183.16, "EndTime": 188.72, "Value": "1 What does the man say “He never really understood”?", "trans": "1这个人怎么说“他从来没有真正理解过”？"}, {"StartTime": 200.92, "EndTime": 207.2, "Value": "2 What prevented Audrey Hepburn from becoming a professional dancer?", "trans": "2是什么阻止了奥黛丽·赫本成为一名职业舞蹈家？"}, {"StartTime": 219.52, "EndTime": 225.04, "Value": "3 What do we learn about Audrey Hepburn in real life?", "trans": "在现实生活中，我们对奥黛丽·赫本有什么了解？"}, {"StartTime": 237.52, "EndTime": 245.6, "Value": "4 Why did Audrey Hepburn devote much of her life to charity after her acting career?", "trans": "4.为什么奥黛丽·赫本在演艺生涯结束后，把大部分的生命都奉献给了慈善事业？"}, {"StartTime": 257.88, "EndTime": 259.84, "Value": "Conversation Two", "trans": "对话二"}, {"StartTime": 260.04, "EndTime": 265.68, "Value": "W: So, how is our presentation about the restructuring of the company coming along?", "trans": "W： 那么，我们对公司重组的介绍进展如何？"}, {"StartTime": 266.9, "EndTime": 272.14, "Value": "M: Fine. I'm putting the finishing touches to it now, but we'll have to be prepared for questions.", "trans": "M： 很好。我们现在准备好回答问题了。"}, {"StartTime": 272.16, "EndTime": 276.48, "Value": "W: Yes, there's already a feeling that this is a top-down change.", "trans": "W： 是的，人们已经感觉到这是一个自上而下的改变。"}, {"StartTime": 276.78, "EndTime": 279.2, "Value": "We really need to get everyone on board.", "trans": "我们真的需要让所有人都参与进来。"}, {"StartTime": 280.06, "EndTime": 283.54, "Value": "M: Well, there's been an extensive consultation period.", "trans": "M： 嗯，有一个广泛的咨询期。"}, {"StartTime": 283.62, "EndTime": 288.36, "Value": "W: I know, but there's always the feeling that if it isn't broke, don't fix it.", "trans": "W： 我知道，但总有一种感觉，如果它没坏，就别修了。"}, {"StartTime": 288.48, "EndTime": 290.98, "Value": "M: People are worried about their jobs, too.", "trans": "M： 人们也很担心自己的工作。"}, {"StartTime": 291.466, "EndTime": 297.933, "Value": "I think we need to stress that while there'll be some job changes, there won't be anyone getting dismissed.", "trans": "我想我们需要强调的是，虽然会有一些工作变动，但不会有人被解雇。"}, {"StartTime": 298.133, "EndTime": 301.16, "Value": "In fact, we're looking to take on more staff.", "trans": "事实上，我们正在寻找更多的员工。"}, {"StartTime": 301.2, "EndTime": 305.0, "Value": "W: Agreed. You can hardly blame people for worrying though.", "trans": "W： 同意。不过，你也不能怪别人担心。"}, {"StartTime": 305.14, "EndTime": 309.6, "Value": "We need to make it clear that it's not just change for change's sake.", "trans": "我们需要弄清楚，这不仅仅是为了改变而改变。"}, {"StartTime": 309.86, "EndTime": 314.48, "Value": "In other words, we really must make the case for why we are doing it.", "trans": "换句话说，我们真的必须说明我们为什么要这样做。"}, {"StartTime": 314.64, "EndTime": 317.8, "Value": "So what's the outline of the presentation?", "trans": "那么演讲的大纲是什么呢？"}, {"StartTime": 318.44, "EndTime": 326.18, "Value": "M: I'll start with a brief review of the reasons for the change that we really need to make a clean break to restart growth.", "trans": "M： 我将首先简要回顾一下改变的原因，我们确实需要彻底休息以重新开始增长。"}, {"StartTime": 326.8, "EndTime": 331.82, "Value": "After that I'll outline the new company structures and who's going where.", "trans": "之后，我将概述新的公司结构和谁将去哪里。"}, {"StartTime": 332.28, "EndTime": 339.3, "Value": "Then I'll hand it over to you to discuss the timeline and summarize, and we'll take questions together at the end.", "trans": "然后我把它交给你讨论时间表和总结，最后我们一起回答问题。"}, {"StartTime": 339.82, "EndTime": 340.96, "Value": "Anything else?", "trans": "还有别的吗？"}, {"StartTime": 341.06, "EndTime": 345.7, "Value": "W: Oh, yeah, we should let the staff know the channels of communication.", "trans": "W： 哦，是的，我们应该让员工知道沟通的渠道。"}, {"StartTime": 345.74, "EndTime": 350.96, "Value": "You know, who they can contact or direct questions to about these changes?", "trans": "你知道，他们可以联系或直接询问这些变化的问题？"}, {"StartTime": 351.4, "EndTime": 357.38, "Value": "M: Yes, and we can collect some frequently asked questions and present some general answers.", "trans": "M： 是的，我们可以收集一些常见问题并给出一些一般答案。"}, {"StartTime": 357.5, "EndTime": 365.34, "Value": "W: Um, and we'll make the presentation and the questions available via the company's own computer network, right?", "trans": "W： 嗯，我们会通过公司自己的计算机网络来提供演示和问题，对吗？"}, {"StartTime": 365.4, "EndTime": 370.48, "Value": "M: Yes, we'll make a page on the network, where staff can download all the details.", "trans": "M： 是的，我们会在网络上做一个网页，工作人员可以在那里下载所有的细节。"}, {"StartTime": 370.6, "EndTime": 375.48, "Value": "W: All right, perhaps we should do a practice run of the presentation first.", "trans": "W： 好吧，也许我们应该先练习一下演示文稿。"}, {"StartTime": 375.56, "EndTime": 376.24, "Value": "M: You bet.", "trans": "M： 当然可以。"}, {"StartTime": 376.94, "EndTime": 381.4, "Value": "Questions 5 to 8 are based on the conversation you have just heard.", "trans": "问题5到8是基于你刚才听到的对话。"}, {"StartTime": 382.18, "EndTime": 385.46, "Value": "5 What is the man going to do?", "trans": "5那个人要做什么？"}, {"StartTime": 398.166, "EndTime": 403.466, "Value": "6 What does the man say about the restructuring?", "trans": "6这个人对重组有何看法？"}, {"StartTime": 415.833, "EndTime": 420.533, "Value": "7 What will the man explain first?", "trans": "7男人先解释什么？"}, {"StartTime": 433.0, "EndTime": 439.066, "Value": "8 How can the staff learn more about the company's restructuring?", "trans": "8员工如何才能更多地了解公司的重组？"}, {"StartTime": 451.8, "EndTime": 452.933, "Value": "Section B", "trans": "B部分"}, {"StartTime": 453.133, "EndTime": 457.8, "Value": "Directions: In this section, you will hear two passages.", "trans": "说明：在这一部分，你将听到两个段落。"}, {"StartTime": 458.1, "EndTime": 462.766, "Value": "At the end of each passage, you will hear three or four questions.", "trans": "在每一篇文章的结尾，你会听到三到四个问题。"}, {"StartTime": 462.933, "EndTime": 466.9, "Value": "Both the passage and the questions will be spoken only once.", "trans": "文章和问题都只讲一次。"}, {"StartTime": 467.5, "EndTime": 475.233, "Value": "After you hear a question, you must choose the best answer from the four choices marked A), B), C) and D).", "trans": "听到问题后，你必须从a）、B）、C）和D）四个选项中选择最佳答案。"}, {"StartTime": 475.933, "EndTime": 481.566, "Value": "Then mark the corresponding letter on Answer Sheet 1 with a single line through the center.", "trans": "然后在答题纸1上用一条横过中心的线标出相应的字母。"}, {"StartTime": 482.5, "EndTime": 483.9, "Value": "Passage One", "trans": "通道一"}, {"StartTime": 484.033, "EndTime": 496.133, "Value": "Airline passengers have to deal with a lot these days, getting bumped from flights and losing luggage on top of the general anxiety that nervous passengers always feel.", "trans": "如今，航空公司的乘客不得不应付很多事情，除了紧张的乘客总感觉到的普遍焦虑外，飞机上的颠簸和行李的丢失。"}, {"StartTime": 496.466, "EndTime": 505.466, "Value": "At the Cincinnati/Northern Kentucky International Airport, miniature horses deliver a calming force two times a month.", "trans": "在辛辛那提/北肯塔基国际机场，小型马每月两次提供一种镇静的力量。"}, {"StartTime": 505.933, "EndTime": 513.5, "Value": "Denver and Ruby are two of the 34 therapy horses brought in from a local farm.", "trans": "丹佛和鲁比是从当地农场引进的34匹治疗马中的两匹。"}, {"StartTime": 513.833, "EndTime": 519.866, "Value": "They can usually be found in the ticket counter area interacting with travelers.", "trans": "他们通常可以在售票处与旅客互动。"}, {"StartTime": 520.2, "EndTime": 525.233, "Value": "More than 30 airports across the country now have therapy dogs.", "trans": "全国30多个机场现在都有治疗犬。"}, {"StartTime": 525.533, "EndTime": 528.6, "Value": "San Francisco has a therapy pig.", "trans": "旧金山有一头治疗猪。"}, {"StartTime": 529.1, "EndTime": 537.1, "Value": "San Jose, California, began a dog program after the terrorist attacks of September 11th.", "trans": "加州圣何塞市在911恐怖袭击后开始了一项养狗计划。"}, {"StartTime": 537.466, "EndTime": 544.766, "Value": "Since its beginning, the program has now grown and has 21 therapy dogs and a therapy cat.", "trans": "从一开始，这个项目已经发展壮大，有21只治疗狗和一只治疗猫。"}, {"StartTime": 545.133, "EndTime": 547.6, "Value": "The animals don't get startled.", "trans": "动物不会被吓到。"}, {"StartTime": 547.7, "EndTime": 555.533, "Value": "They have had hundreds of hours of airport training, so they are used to having luggage and people crowding around them.", "trans": "他们在机场接受了数百小时的训练，因此他们习惯于行李和周围拥挤的人群。"}, {"StartTime": 555.866, "EndTime": 563.8, "Value": "These professional animals are probably better at finding their way in the airports than the most frequent of travelers.", "trans": "这些专业动物可能比最常去机场的旅客更善于在机场找到路。"}, {"StartTime": 564.1, "EndTime": 572.266, "Value": "The passengers often say that seeing animals makes them feel much better and helps them to calm down before a flight.", "trans": "乘客们经常说，看到动物让他们感觉好多了，有助于他们在飞行前冷静下来。"}, {"StartTime": 572.8, "EndTime": 577.233, "Value": "This little bit of support can sometimes make a big difference.", "trans": "这一点点的支持有时会有很大的不同。"}, {"StartTime": 577.733, "EndTime": 585.533, "Value": "Some passengers enjoy the animals so much that they call the airport to schedule flights around their visits.", "trans": "一些乘客非常喜欢这些动物，他们打电话到机场安排航班。"}, {"StartTime": 585.666, "EndTime": 592.2, "Value": "Visits to nursing homes and schools are also a regular part of the horses' schedule.", "trans": "参观疗养院和学校也是马的定期日程安排。"}, {"StartTime": 592.466, "EndTime": 598.466, "Value": "Their owner is already working on a new idea for a therapy animal---donkeys.", "trans": "它们的主人已经在研究一种新的治疗动物——驴。"}, {"StartTime": 599.433, "EndTime": 604.1, "Value": "Questions 9 to 11 are based on the passage you have just heard.", "trans": "问题9到11是基于你刚才听到的那篇文章。"}, {"StartTime": 604.5, "EndTime": 611.233, "Value": "9 What is special about the Cincinnati/Northern Kentucky International Airport?", "trans": "9辛辛那提/北肯塔基国际机场有什么特别之处？"}, {"StartTime": 623.733, "EndTime": 630.366, "Value": "10 What are the trained animals probably capable of doing in an airport?", "trans": "10训练有素的动物在机场可能会做些什么？"}, {"StartTime": 642.733, "EndTime": 647.033, "Value": "11 What do some passengers try to do?", "trans": "11有些乘客想做什么？"}, {"StartTime": 659.466, "EndTime": 660.866, "Value": "Passage Two", "trans": "通道二"}, {"StartTime": 661.7, "EndTime": 668.233, "Value": "Hello, viewers. Today I'm standing at a 2,000-year-old Roman era site.", "trans": "观众们好。今天我站在一个有2000年历史的罗马时代遗址前。"}, {"StartTime": 668.966, "EndTime": 674.5, "Value": "Here, the brightly colored scenes that once decorated a mansion are being dug up.", "trans": "在这里，曾经装饰豪宅的色彩鲜艳的场景正在被挖掘。"}, {"StartTime": 674.666, "EndTime": 684.166, "Value": "These scenes are turning up in the southern French city of Arles, surprising the historians who have been working here since 2014.", "trans": "这些场景出现在法国南部城市阿尔勒，令自2014年以来一直在这里工作的历史学家感到惊讶。"}, {"StartTime": 684.6, "EndTime": 689.466, "Value": "Patches of paint still cling to the stone walls of the bedroom and reception hall.", "trans": "卧室和接待大厅的石墙上还残留着成片的油漆。"}, {"StartTime": 690.0, "EndTime": 695.033, "Value": "Some of these painted walls are preserved in places to a height of one meter.", "trans": "其中一些被漆过的墙保存在一米高的地方。"}, {"StartTime": 695.6, "EndTime": 700.766, "Value": "In addition, thousands of fragments that fell off the walls have been recovered.", "trans": "此外，从墙上掉下来的数千块碎片已经找到。"}, {"StartTime": 701.266, "EndTime": 707.966, "Value": "These pieces have been put back together with great care and display a variety of images.", "trans": "这些作品被小心翼翼地放在一起，展示了各种各样的图像。"}, {"StartTime": 708.366, "EndTime": 719.0, "Value": "Some of these images include figures never seen before in France, such as a woman playing a stringed instrument, possibly a character from mythology.", "trans": "其中一些图像包括在法国从未见过的人物，比如一个演奏弦乐的女人，可能是神话中的人物。"}, {"StartTime": 719.98, "EndTime": 729.2, "Value": "The paintings were done with such skill and with such expensive dyes that experts believed the artists originally came from Italy.", "trans": "这些画是用如此高超的技巧和昂贵的染料完成的，以至于专家们认为这些画家最初来自意大利。"}, {"StartTime": 729.6, "EndTime": 733.133, "Value": "They were likely hired by one of the city's elite.", "trans": "他们很可能是被一个城市的精英雇佣的。"}, {"StartTime": 733.466, "EndTime": 739.9, "Value": "Perhaps a Roman official wanted Pompeii-like interior to remind him of home.", "trans": "也许一个罗马官员想要庞贝式的内饰来提醒他家。"}, {"StartTime": 740.366, "EndTime": 750.0, "Value": "He was probably stationed in this provincial trading port founded in 46 B.C. as a colony for veterans of the Roman army.", "trans": "他可能驻扎在这个建于公元前46年的省级贸易港，作为罗马军队退伍军人的殖民地。"}, {"StartTime": 750.233, "EndTime": 755.7, "Value": "Or maybe a wealthy local wanted to show off his worldly sophistication.", "trans": "或者一个富有的当地人想炫耀他的世故。"}, {"StartTime": 756.033, "EndTime": 764.266, "Value": "The paintings may yield even more stunning surprises as additional sections are put together like pieces of a puzzle.", "trans": "当其他部分像拼图一样拼在一起时，这些画可能会产生更惊人的惊喜。"}, {"StartTime": 764.85, "EndTime": 775.8, "Value": "Whoever it was that created such magnificent pieces of art, they surely had no idea that their work would still be around thousands of years later.", "trans": "无论是谁创造了如此壮丽的艺术作品，他们肯定不知道自己的作品还会在数千年后出现。"}, {"StartTime": 776.566, "EndTime": 781.6, "Value": "Questions 12 to 15 are based on the passage you have just heard.", "trans": "问题12到15是基于你刚才听到的那篇文章。"}, {"StartTime": 781.766, "EndTime": 785.966, "Value": "12 Where is the speaker standing?", "trans": "演讲者站在哪里？"}, {"StartTime": 798.433, "EndTime": 805.433, "Value": "13 What do the thousands of fragments display when they are put back together?", "trans": "13成千上万的碎片被放回一起时会显示什么？"}, {"StartTime": 817.733, "EndTime": 825.2, "Value": "14 What makes experts think the paintings were done by artists from Italy?", "trans": "14是什么让专家们认为这些画是意大利艺术家的作品？"}, {"StartTime": 837.766, "EndTime": 843.966, "Value": "15 What do we learn from the passage about the owner of the mansion?", "trans": "15我们从这篇关于豪宅主人的文章中学到了什么？"}, {"StartTime": 856.666, "EndTime": 858.033, "Value": "Section C", "trans": "剖面图C"}, {"StartTime": 858.333, "EndTime": 867.4, "Value": "Directions: In this section, you will hear three recordings of lectures or talks followed by three or four questions.", "trans": "说明：在这一部分，你将听到三个讲座或演讲的录音，然后是三到四个问题。"}, {"StartTime": 867.833, "EndTime": 870.7, "Value": "The recordings will be played only once.", "trans": "录音只会播放一次。"}, {"StartTime": 870.87, "EndTime": 878.98, "Value": "After you hear a question, you must choose the best answer from the four choices marked A), B), C) and D).", "trans": "听到问题后，你必须从a）、B）、C）和D）四个选项中选择最佳答案。"}, {"StartTime": 879.333, "EndTime": 885.933, "Value": "Then mark the corresponding letter on Answer Sheet 1 with a single line through the center.", "trans": "然后在答题纸1上用一条横过中心的线标出相应的字母。"}, {"StartTime": 886.533, "EndTime": 896.033, "Value": "Recording One Good afternoon, class! Today I want to discuss with you a new approach to empirical research.", "trans": "录一个下午好，同学们！今天我想和大家讨论一种新的实证研究方法。"}, {"StartTime": 896.3, "EndTime": 899.93, "Value": "In the past, scientists often worked alone.", "trans": "在过去，科学家常常独自工作。"}, {"StartTime": 900.033, "EndTime": 904.8, "Value": "They were confined to the university or research center where they worked.", "trans": "他们被限制在他们工作的大学或研究中心。"}, {"StartTime": 905.0, "EndTime": 912.66, "Value": "Today, though, we are seeing mergers of some of the greatest scientific minds, regardless of their location.", "trans": "然而，今天，我们看到了一些最伟大的科学头脑的合并，而不管他们身处何处。"}, {"StartTime": 913.133, "EndTime": 918.8, "Value": "There has never been a better time for collaborations with foreign scientists.", "trans": "与外国科学家合作的最佳时机是前所未有的。"}, {"StartTime": 919.19, "EndTime": 922.833, "Value": "In fact, the European Union is taking the lead.", "trans": "事实上，欧盟正在带头。"}, {"StartTime": 923.04, "EndTime": 932.233, "Value": "Spurred on by funding policies, half of European research articles had international co-authors in 2007.", "trans": "在资助政策的推动下，2007年有一半的欧洲研究文章拥有国际合著者。"}, {"StartTime": 932.533, "EndTime": 936.366, "Value": "This is more than twice the level of two decades ago.", "trans": "这是20年前的两倍多。"}, {"StartTime": 936.94, "EndTime": 946.233, "Value": "The European Union's level of international co-authorship is about twice that of the United States, Japan and India.", "trans": "欧盟的国际合著水平大约是美国、日本和印度的两倍。"}, {"StartTime": 946.6, "EndTime": 951.166, "Value": "Even so, the levels in these countries are also rising.", "trans": "即便如此，这些国家的水平也在上升。"}, {"StartTime": 951.44, "EndTime": 958.466, "Value": "This is a sign of the continued allure of creating scientific coalitions across borders.", "trans": "这是一个迹象，表明建立跨国界的科学联盟仍然具有吸引力。"}, {"StartTime": 959.766, "EndTime": 970.2, "Value": "András Schubert, a researcher at the Institute for Science Policy Research, says that the rising collaboration is partly out of necessity.", "trans": "科学政策研究所（instituteforscience Policy Research）的研究员安德鲁斯•舒伯特（András Schubert）表示，合作的增加部分是出于必要。"}, {"StartTime": 970.7, "EndTime": 974.433, "Value": "This necessity comes with the rise of ‘big science'.", "trans": "这种必要性伴随着“大科学”的兴起。"}, {"StartTime": 974.61, "EndTime": 978.466, "Value": "Many scientific endeavours have become more complicated.", "trans": "许多科学工作变得更加复杂。"}, {"StartTime": 978.733, "EndTime": 984.0, "Value": "These new complications require the money and labour of many nations.", "trans": "这些新的复杂情况需要许多国家的金钱和劳力。"}, {"StartTime": 984.1, "EndTime": 990.766, "Value": "But he says collaborations have also emerged because of increased possibilities:", "trans": "但他表示，合作的出现也是因为可能性的增加："}, {"StartTime": 991.8, "EndTime": 996.266, "Value": "the Internet allows like-minded scientists to find each other.", "trans": "互联网让志同道合的科学家可以互相寻找。"}, {"StartTime": 996.6, "EndTime": 1004.03, "Value": "Simultaneously, dramatic drops in communication costs ease long-distance interactions.", "trans": "同时，通信成本的大幅下降也缓解了远程交互。"}, {"StartTime": 1004.233, "EndTime": 1013.433, "Value": "And there's a reward: studies of citation counts show that internationally co-authored papers have better visibility.", "trans": "这是一个奖励：对引文数量的研究表明，国际合著的论文有更好的可见性。"}, {"StartTime": 1013.58, "EndTime": 1033.0, "Value": "Schubert says “international collaboration is a way to spread ideas in wider and wider circles.” Caroline Wagner, a research scientist at George Washington University, notes that international collaborations offer additional flexibility.", "trans": "舒伯特说：“国际合作是在越来越广泛的圈子里传播思想的一种方式。”乔治华盛顿大学的研究科学家卡罗琳·瓦格纳指出，国际合作提供了更多的灵活性。"}, {"StartTime": 1033.433, "EndTime": 1047.366, "Value": "Whereas local collaborations sometimes persist past the point of usefulness because of social or academic obligations, international ones can be cultivated and dropped more freely.", "trans": "由于社会或学术责任，地方合作有时会超过有用的程度，而国际合作可以更自由地培养和放弃。"}, {"StartTime": 1048.0, "EndTime": 1052.866, "Value": "The collaborative trend is true across scientific disciplines.", "trans": "跨学科的合作趋势是正确的。"}, {"StartTime": 1052.966, "EndTime": 1057.18, "Value": "Some fields, though, have a greater tendency for it.", "trans": "不过，有些领域有更大的趋势。"}, {"StartTime": 1057.4, "EndTime": 1062.0, "Value": "Particle physicists and astronomers collaborate often.", "trans": "粒子物理学家和天文学家经常合作。"}, {"StartTime": 1062.133, "EndTime": 1066.32, "Value": "This is because they must share expensive facilities.", "trans": "这是因为他们必须共用昂贵的设施。"}, {"StartTime": 1066.466, "EndTime": 1072.05, "Value": "Mathematicians, by contrast, tend historically towards solitude.", "trans": "相比之下，数学家在历史上倾向于孤独。"}, {"StartTime": 1072.2, "EndTime": 1076.46, "Value": "As a consequence, they lag behind other disciplines.", "trans": "因此，他们落后于其他学科。"}, {"StartTime": 1076.566, "EndTime": 1081.3, "Value": "However, Wagner says, partnerships are rising there, too.", "trans": "然而，瓦格纳说，在那里，合作伙伴关系也在上升。"}, {"StartTime": 1081.7, "EndTime": 1086.433, "Value": "The level of collaboration also varies from country to country.", "trans": "各国之间的合作程度也各不相同。"}, {"StartTime": 1086.633, "EndTime": 1093.78, "Value": "“There are historical and political reasons as to why collaborations emerge,” says Wagner.", "trans": "瓦格纳说：“合作之所以出现，有其历史和政治原因。"}, {"StartTime": 1093.933, "EndTime": 1102.466, "Value": "This rise is also apparen'tly boosted by policies embedded in European framework funding schemes.", "trans": "欧洲框架融资计划中的政策也明显推动了这一增长。"}, {"StartTime": 1102.666, "EndTime": 1108.6, "Value": "These policies underlie funding requirements that often require teamwork.", "trans": "这些政策是通常需要团队合作的资金需求的基础。"}, {"StartTime": 1109.533, "EndTime": 1115.133, "Value": "Questions 16 to 18 are based on the recording you have just heard.", "trans": "问题16到18是基于你刚才听到的录音。"}, {"StartTime": 1115.366, "EndTime": 1122.466, "Value": "16 What do we learn about the research funding policies in the European Union?", "trans": "16我们对欧盟的研究资助政策有何了解？"}, {"StartTime": 1134.9, "EndTime": 1141.8, "Value": "17 Why do researchers today favor international collaboration?", "trans": "17为什么今天的研究人员喜欢国际合作？"}, {"StartTime": 1154.066, "EndTime": 1159.466, "Value": "18 What do we learn about the field of mathematics?", "trans": "18我们在数学领域学到了什么？"}, {"StartTime": 1171.95, "EndTime": 1186.633, "Value": "Recording Two Good evening! In 1959, on the day that I was born, a headline in Life magazine proclaimed “Target Venus: There May be Life There!”", "trans": "录音二晚上好！1959年，在我出生的那天，《生活》杂志的一个标题宣称：“瞄准金星：那里可能有生命！”"}, {"StartTime": 1187.033, "EndTime": 1202.82, "Value": "It told of how scientists rode a balloon to an altitude of 80,000 feet to make telescope observations of Venus's atmosphere, and how their discovery of water raised hopes that there could be living things there.", "trans": "它讲述了科学家如何乘气球到8万英尺的高度，用望远镜观测金星的大气层，以及他们发现水的情况如何使人们对那里可能有生物的希望。"}, {"StartTime": 1203.0, "EndTime": 1212.666, "Value": "As a kid, I thrilled to tales of adventure in Isaac Asimov's juvenile science-fiction novel Lucky Starr and the Oceans of Venus.", "trans": "小时候，我对艾萨克·阿西莫夫的少年科幻小说《幸运星与维纳斯海洋》中的冒险故事感到兴奋。"}, {"StartTime": 1213.133, "EndTime": 1218.2, "Value": "For many of my peers, though, Venus quickly lost its romance.", "trans": "不过，对于我的许多同龄人来说，金星很快就失去了它的浪漫。"}, {"StartTime": 1218.6, "EndTime": 1229.633, "Value": "The very first thing that scientists discovered with a mission to another planet was that Venus was not at all the earthly paradise that fiction had portrayed.", "trans": "科学家们在前往另一个星球的任务中发现的第一件事就是，金星根本不是小说所描绘的人间天堂。"}, {"StartTime": 1230.433, "EndTime": 1238.333, "Value": "It is nearly identical to our own planet in bulk properties such as mass, density, and size.", "trans": "它在质量、密度和大小等体积特性上与我们的星球几乎相同。"}, {"StartTime": 1238.533, "EndTime": 1244.666, "Value": "But its surface has been cooked and dried by an ocean of carbon dioxide.", "trans": "但是它的表面已经被二氧化碳海洋煮熟和干燥了。"}, {"StartTime": 1244.833, "EndTime": 1257.77, "Value": "Trapped in the burning death-grip of a runaway greenhouse effect, Venus has long been held up as a cautionary tale for everything that could go wrong on a planet like Earth.", "trans": "长期以来，金星被困在失控的温室效应的燃烧死亡控制之中，它一直被视为地球这样的星球上一切可能出问题的警示故事。"}, {"StartTime": 1258.233, "EndTime": 1265.333, "Value": "As a possible home for alien life, it has been voted the planet least likely to succeed.", "trans": "作为外星生命可能的家园，它被选为最不可能成功的星球。"}, {"StartTime": 1266.133, "EndTime": 1273.633, "Value": "But I have refused to give up on Venus, and over the years my stubborn loyalty has been justified.", "trans": "但我一直拒绝放弃对金星的追求，多年来我对金星的固执忠诚是有道理的。"}, {"StartTime": 1274.3, "EndTime": 1283.033, "Value": "The rocky views glimpsed by Venera 9 and other Russian landers suggested a tortured volcanic history.", "trans": "维内拉9号和其他俄罗斯登陆者瞥见的岩石景观暗示了一段饱受折磨的火山历史。"}, {"StartTime": 1283.533, "EndTime": 1297.766, "Value": "That was confirmed in the early 1990s by the American Magellan orbiter, which used radar to peer through the planet's thick clouds and map out a rich, varied and dynamic surface.", "trans": "上世纪90年代初，美国麦哲伦轨道飞行器（americanmagellan orbitor）证实了这一点，它利用雷达窥视地球厚厚的云层，并绘制出一个丰富多彩、充满活力的表面。"}, {"StartTime": 1298.333, "EndTime": 1308.0, "Value": "The surface formed mostly in the last billion years, which makes it fresher and more recently active than any rocky planet other than Earth.", "trans": "它比最近形成的任何一个多岩石的地球表面都要活跃数十亿年。"}, {"StartTime": 1308.9, "EndTime": 1320.0, "Value": "Russian and American spacecraft also found hints that its ancient climate might have been wetter, cooler, and possibly even friendly to life.", "trans": "俄罗斯和美国的太空船也发现了一些迹象，表明其古老的气候可能更潮湿、更凉爽，甚至可能对生命有利。"}, {"StartTime": 1321.266, "EndTime": 1330.166, "Value": "Measurements of density and composition implied that Venus originally formed out of basically the same stuff as Earth.", "trans": "对密度和成分的测量表明，金星最初是由与地球基本相同的物质构成的。"}, {"StartTime": 1330.466, "EndTime": 1337.633, "Value": "That presumably included much more water than the tiny trace we find blowing in the thick air today.", "trans": "这大概包含了比我们今天在浓密的空气中发现的微小痕迹更多的水。"}, {"StartTime": 1338.333, "EndTime": 1353.033, "Value": "Thus, our picture of Venus at around the time life was getting started on Earth is one of warm oceans, probably rich with organic molecules, splashing around rocky shores and volcanic vents.", "trans": "因此，我们对金星在地球生命开始的时候的照片是温暖的海洋，可能富含有机分子，在岩石海岸和火山口喷溅。"}, {"StartTime": 1353.7, "EndTime": 1357.233, "Value": "The sun was considerably less bright back then.", "trans": "那时的太阳相当不明亮。"}, {"StartTime": 1357.333, "EndTime": 1362.266, "Value": "So, Venus was arguably a cozier habitat for life than Earth.", "trans": "因此，金星可以说是一个比地球更舒适的生命栖息地。"}, {"StartTime": 1362.833, "EndTime": 1368.266, "Value": "Questions 19 to 21 are based on the recording you have just heard.", "trans": "问题19到21是基于你刚才听到的录音。"}, {"StartTime": 1368.65, "EndTime": 1374.466, "Value": "19 What do we learn from the Life magazine article?", "trans": "我们从《生活》杂志的文章中学到了什么？"}, {"StartTime": 1387.04, "EndTime": 1393.0, "Value": "20 What are scientists' findings about Venus?", "trans": "20科学家对金星有什么发现？"}, {"StartTime": 1405.566, "EndTime": 1414.466, "Value": "21 What information did Russian and American space probes provide about Venus?", "trans": "21俄罗斯和美国的太空探测器提供了关于金星的哪些信息？"}, {"StartTime": 1426.866, "EndTime": 1433.633, "Value": "Recording Three I'm a psychology professor at the University of British Columbia.", "trans": "我是不列颠哥伦比亚大学的心理学教授。"}, {"StartTime": 1433.7, "EndTime": 1443.366, "Value": "I specialize in cultural psychology, examining similarities and differences between East Asians and North Americans.", "trans": "我专攻文化心理学，研究东亚人和北美人的异同。"}, {"StartTime": 1443.8, "EndTime": 1458.533, "Value": "Our research team has been looking at cultural differences in self-enhancing motivations, how people have positive feelings towards not only themselves but things connected to themselves.", "trans": "我们的研究团队一直在研究自我提升动机的文化差异，人们如何不仅对自己而且对与自己相关的事物有积极的感觉。"}, {"StartTime": 1458.7, "EndTime": 1465.766, "Value": "For example, when you own something, you view it as more valuable than when you don't own it.", "trans": "例如，当你拥有某样东西时，你认为它比你没有拥有它时更有价值。"}, {"StartTime": 1465.833, "EndTime": 1468.833, "Value": "It's called the “endowment effect”.", "trans": "这就是所谓的“禀赋效应”。"}, {"StartTime": 1469.033, "EndTime": 1475.5, "Value": "The strength of that effect is stronger in Western cultures than in East Asian cultures.", "trans": "这种影响在西方文化中比在东亚文化中更为强烈。"}, {"StartTime": 1475.666, "EndTime": 1485.733, "Value": "So we've been looking at other ways of seeing whether this motivation to view oneself positively is shaped by cultural experiences.", "trans": "因此，我们一直在寻找其他的方法，看看这种积极看待自己的动机是否是由文化经历塑造的。"}, {"StartTime": 1486.533, "EndTime": 1490.533, "Value": "We've also started to look at how culture shapes sleep.", "trans": "我们也开始研究文化如何影响睡眠。"}, {"StartTime": 1490.733, "EndTime": 1494.466, "Value": "We're still in the exploratory stages of this project---", "trans": "我们还在这个项目的探索阶段---"}, {"StartTime": 1494.633, "EndTime": 1504.9, "Value": "although what's noteworthy is that East Asians on average sleep about an hour and a half less each night than North Americans do.", "trans": "尽管值得注意的是东亚人平均每晚睡眠时间比北美人少一个半小时。"}, {"StartTime": 1505.166, "EndTime": 1512.8, "Value": "And it's not a more efficient sleep, not like they're compressing relatively more value out of their hours.", "trans": "这并不是一个更有效的睡眠，不像他们压缩了相对更多的时间价值。"}, {"StartTime": 1513.033, "EndTime": 1520.933, "Value": "Other studies have found that even infants in East Asia sleep about an hour less than European infants.", "trans": "其他研究发现，即使是东亚的婴儿，睡眠时间也比欧洲婴儿少1小时。"}, {"StartTime": 1521.0, "EndTime": 1526.0, "Value": "So we're trying to figure out how culture shapes the way you sleep.", "trans": "所以我们想弄清楚文化是如何影响你的睡眠方式的。"}, {"StartTime": 1526.933, "EndTime": 1531.166, "Value": "Our experiment does not take place in a sleep lab.", "trans": "我们的实验不是在睡眠实验室里进行的。"}, {"StartTime": 1531.266, "EndTime": 1538.533, "Value": "Instead, we lend people motion-detecting watches and they wear them for a week at a time---", "trans": "相反，我们借给人们运动检测手表，他们一次戴一周---"}, {"StartTime": 1538.7, "EndTime": 1543.3, "Value": "whenever they're not having a shower or swimming they keep it on.", "trans": "每当他们不洗澡或游泳时，他们都会开着。"}, {"StartTime": 1543.7, "EndTime": 1556.166, "Value": "These kinds of watches are used in sleep studies as a way of measuring how long people are sleeping, how efficient their sleep is, and whether they're waking up in the night.", "trans": "这些类型的手表被用于睡眠研究中，作为一种测量人们睡眠时间、睡眠效率以及是否在夜间醒来的方法。"}, {"StartTime": 1556.6, "EndTime": 1561.7, "Value": "Ideally I'd like to take this into a controlled lab environment.", "trans": "理想情况下，我想把这个带到一个受控的实验室环境中。"}, {"StartTime": 1562.033, "EndTime": 1565.033, "Value": "We'll see where the research points us.", "trans": "我们将看看研究的方向。"}, {"StartTime": 1565.133, "EndTime": 1578.733, "Value": "We usually start off with the more affordable methods, and if everything looks promising, then it'll justify trying to build a sleep lab and study sleep across cultures that way.", "trans": "我们通常从更经济实惠的方法开始，如果一切看起来都很有希望，那么尝试建立一个睡眠实验室并以这种方式研究不同文化的睡眠是合理的。"}, {"StartTime": 1579.1, "EndTime": 1580.966, "Value": "Why do we study sleep?", "trans": "我们为什么要学习睡眠？"}, {"StartTime": 1581.033, "EndTime": 1586.7, "Value": "Sleep is something that has really been an unexplored topic cross-culturally.", "trans": "睡眠是一个跨文化的未经探索的话题。"}, {"StartTime": 1587.0, "EndTime": 1600.566, "Value": "I'm attracted to it because culture isn't something that only shapes the way our minds operate; it shapes the way our bodies operate too, and sleep is at the intersection of those.", "trans": "我之所以被它吸引，是因为文化并不是只影响我们大脑运作方式的东西，它也影响着我们身体的运作方式，而睡眠正是这些东西的交汇点。"}, {"StartTime": 1601.1, "EndTime": 1606.933, "Value": "Questions 22 to 25 are based on the recording you have just heard.", "trans": "你刚才听到的25个问题是根据你刚才听到的22个问题。"}, {"StartTime": 1607.166, "EndTime": 1611.833, "Value": "22 What does the speaker mainly study?", "trans": "22演讲者主要研究什么？"}, {"StartTime": 1624.366, "EndTime": 1630.0, "Value": "23 What does the speaker say about North Americans?", "trans": "23演讲者对北美人怎么说？"}, {"StartTime": 1642.366, "EndTime": 1647.933, "Value": "24 How did the speaker conduct the sleep study?", "trans": "24演讲者是如何进行睡眠研究的？"}, {"StartTime": 1660.233, "EndTime": 1666.133, "Value": "25 What does the speaker say about research on sleep?", "trans": "25关于睡眠研究，演讲者怎么说？"}, {"StartTime": 1678.6, "EndTime": 1682.2, "Value": "This is the end of Listening Comprehension.", "trans": "听力理解到此为止。"}]