{
	"pages": [ //pages数组中第一项表示应用启动页，参考：https://uniapp.dcloud.io/collocation/pages
		{
			"path": "pages/alist/index",
			"style": {
				"navigationBarTitleText": "题库"
			}
		},
		{
			"path": "pages/aplayer/index",
			"style": {
				"navigationBarTitleText": "正在听",
				"disableScroll":true
				//"navigationStyle": "custom"
			}
		},
		{
			"path": "pages/me/index",
			"style": {
				"navigationBarTitleText": "我"
			}
		},
		{
			"path": "pages/recent/index",
			"style": {
				"navigationBarTitleText": "最近在听"
			}
		}
	],
	"globalStyle": {
		"navigationBarTextStyle": "black",
		"navigationBarTitleText": "uni-app",
		"navigationBarBackgroundColor": "#F8F8F8",
		"backgroundColor": "#F8F8F8"
	},
	"tabBar":{
		"color":"#3F536E",
		"selectedColor":"#4CD964",
		"borderStyle":"black",
		"backgroundColor":"#FFFFFF",
		"list":[{
			"pagePath":"pages/aplayer/index",
			"iconPath":"static/La.png",
			"selectedIconPath":"static/La_a.png",
			"text":"正在听"
		},
		{
			"pagePath":"pages/alist/index",
			"iconPath":"static/alist.png",
			"selectedIconPath":"static/alist_a.png",
			"text":"题库"
		},
		{
			"pagePath":"pages/me/index",
			"iconPath":"static/timg.png",
			"selectedIconPath":"static/timg_a.png",
			"text":"我"
		}
		]
	}
}
